Wikidata ID,SNARC ID
Q2696075,Q52835
Q12805306,Q52783
Q1615700,Q52834
Q347929,Q52773
Q203541,Q52826
Q1544163,Q52854
Q817365,Q52837
Q1260681,Q52770
Q1158446,Q52806
Q2550388,Q52851
Q1624734,Q52775
Q1777139,Q52781
Q1614245,Q52813
Q1470501,Q52867
Q1983554,Q52788
Q2200026,Q52794
Q2184526,Q52819
Q16884069,Q52789
Q2703557,Q52848
Q16877153,Q52845
Q4920035,Q52786
Q4894115,Q52825
Q5265065,Q52798
Q5314703,Q52817
Q5189265,Q52860
Q6833447,Q52772
Q6951606,Q52824
Q7161340,Q52805
Q7366409,Q52831
Q29627647,Q52774
Q10856697,Q52803
Q10854295,Q52863
Q12799535,Q52816
Q12800811,Q52829
Q13560595,Q52776
Q15080511,Q52809
Q15378936,Q52853
Q16479695,Q52780
Q16665183,Q52769
Q16865288,Q52771
Q16871486,Q52777
Q16865501,Q52791
Q16844138,Q52795
Q16870718,Q52797
Q16870120,Q52799
Q16870902,Q52800
Q16479523,Q52862
Q16876476,Q52796
Q16870943,Q52811
Q16860404,Q52815
Q16876475,Q52820
Q16929541,Q52814
Q16860475,Q52839
Q16870944,Q52836
Q17126171,Q52812
Q16876104,Q52850
Q16870608,Q52868
Q16881297,Q52857
Q18808411,Q52808
Q21508546,Q52785
Q21492537,Q52801
Q21502179,Q52804
Q21506801,Q52827
Q21510646,Q52828
Q21488941,Q52832
Q21492441,Q52830
Q21448873,Q52856
Q22809469,Q52858
Q23041619,Q52847
Q24530160,Q52833
Q26905923,Q52790
Q27892715,Q52822
Q28215908,Q52807
Q28123273,Q52864
Q28153223,Q52861
Q28873453,Q52840
Q30669512,Q52784
Q30315490,Q52859
Q37487695,Q52779
Q37528263,Q52782
Q37186810,Q52844
Q37209438,Q52842
Q37549520,Q52792
Q37572858,Q52810
Q37474756,Q52821
Q37535307,Q52818
Q56243986,Q52841
Q59913555,Q52865
Q60782590,Q52787
Q62727949,Q52846
Q63174814,Q52855
Q66458756,Q52802
Q67176092,Q52843
Q71374647,Q52793
Q77670369,Q52823
Q95742932,Q52866
Q99579459,Q52852
Q105973989,Q52849
Q107393959,Q52838
Q59853,Q52778
Q1158452,Q52895
Q233193,Q52923
Q694764,Q52939
Q1260558,Q52869
Q1444548,Q52878
Q1794217,Q52882
Q1258367,Q52936
Q1260128,Q52938
Q1158195,Q52956
Q1605060,Q52904
Q1261064,Q52959
Q1713171,Q52910
Q1526023,Q52948
Q1762298,Q52914
Q2071244,Q52888
Q2539239,Q52876
Q2287331,Q52944
Q2658150,Q52896
Q2564123,Q52927
Q17165817,Q52901
Q5261248,Q52919
Q12188082,Q52889
Q12785754,Q52871
Q12786711,Q52870
Q14649317,Q52915
Q15264630,Q52879
Q16279729,Q52903
Q16462393,Q52930
Q16871090,Q52900
Q16860612,Q52906
Q16864963,Q52911
Q16865147,Q52912
Q16878076,Q52907
Q16877581,Q52924
Q16865114,Q52937
Q16860278,Q52949
Q16865223,Q52945
Q16871926,Q52961
Q16869712,Q52964
Q16876837,Q52965
Q16882155,Q52962
Q20962502,Q52902
Q21508580,Q52899
Q21500480,Q52905
Q21452609,Q52921
Q21233885,Q52955
Q21452013,Q52933
Q21512224,Q52932
Q21488959,Q52951
Q21497203,Q52950
Q21502372,Q52946
Q21509374,Q52954
Q21449544,Q52960
Q21492006,Q52967
Q23905236,Q52880
Q23640543,Q52920
Q25333048,Q52957
Q26079972,Q52875
Q26741038,Q52931
Q27037178,Q52883
Q27355703,Q52925
Q27973988,Q52887
Q28123255,Q52891
Q28123842,Q52908
Q28147182,Q52918
Q28200041,Q52942
Q28811974,Q52929
Q28843525,Q52968
Q37564353,Q52943
Q36959094,Q52897
Q37278874,Q52872
Q37063061,Q52898
Q37480086,Q52886
Q37518253,Q52893
Q37215346,Q52953
Q37548462,Q52909
Q37462624,Q52926
Q37571944,Q52928
Q37517970,Q52963
Q37524268,Q52966
Q41785607,Q52885
Q42861815,Q52913
Q43276474,Q52917
Q47454718,Q52884
Q47772743,Q52952
Q55451974,Q52941
Q56246039,Q52874
Q56123136,Q52934
Q64977349,Q52894
Q65097833,Q52947
Q66626358,Q52916
Q70951405,Q52877
Q72656291,Q52935
Q92209763,Q52940
Q98890770,Q52892
Q99910524,Q52873
Q106365769,Q52890
Q109532398,Q52881
Q110504935,Q52922
Q115736135,Q52958
Q343749,Q52695
Q1591888,Q52757
Q2688708,Q52723
Q2780561,Q52750
Q12806242,Q52738
Q16944475,Q52684
Q16865438,Q52739
Q2732758,Q52727
Q421649,Q52704
Q424325,Q52710
Q814088,Q52721
Q908051,Q52720
Q1177810,Q52682
Q749530,Q52762
Q1260663,Q52670
Q1158210,Q52688
Q1119151,Q52713
Q1158612,Q52705
Q1287630,Q52694
Q1158262,Q52718
Q1362661,Q52699
Q1184721,Q52752
Q1308329,Q52725
Q1724227,Q52692
Q1646493,Q52740
Q1688722,Q52751
Q1791084,Q52753
Q13553878,Q52673
Q2331622,Q52719
Q2720749,Q52729
Q2674114,Q52763
Q2803437,Q52737
Q3959346,Q52679
Q4161550,Q52675
Q5281981,Q52715
Q5530119,Q52706
Q5716947,Q52700
Q27235787,Q52681
Q10786776,Q52671
Q10954511,Q52765
Q12020943,Q52703
Q12804512,Q52754
Q16860618,Q52678
Q16479912,Q52724
Q16479827,Q52672
Q16090622,Q52733
Q16466739,Q52698
Q16148731,Q52758
Q16275119,Q52747
Q16869843,Q52677
Q16871816,Q52683
Q16869717,Q52687
Q16877286,Q52697
Q16877150,Q52701
Q16865227,Q52714
Q16870023,Q52722
Q17032392,Q52711
Q16865953,Q52730
Q16870357,Q52735
Q17149756,Q52691
Q16865715,Q52736
Q16865452,Q52741
Q16870876,Q52755
Q21483066,Q52690
Q21487143,Q52712
Q21493229,Q52708
Q21510813,Q52696
Q21493475,Q52731
Q21449596,Q52749
Q21475198,Q52759
Q21493654,Q52744
Q21493108,Q52746
Q21501722,Q52745
Q25114659,Q52717
Q25333082,Q52734
Q25326750,Q52743
Q28060600,Q52707
Q28169303,Q52728
Q29035451,Q52726
Q29652712,Q52761
Q30584980,Q52768
Q32786500,Q52760
Q36899107,Q52716
Q37526892,Q52676
Q37510217,Q52680
Q37462314,Q52693
Q37541816,Q52686
Q37549103,Q52685
Q37496487,Q52732
Q37498658,Q52766
Q37545588,Q52767
Q38158712,Q52756
Q40957113,Q52674
Q56043025,Q52669
Q56244873,Q52709
Q57841070,Q52702
Q65326020,Q52689
Q65098636,Q52764
Q82015369,Q52748
Q104172776,Q52742
Q2665383,Q53126
Q2703137,Q53119
Q896987,Q53142
Q254906,Q53100
Q170455,Q53135
Q16877457,Q53107
Q1138248,Q53096
Q1413324,Q53095
Q2780710,Q53150
Q1645480,Q53076
Q1158185,Q53159
Q1484464,Q53125
Q1333689,Q53151
Q1813129,Q53155
Q12018387,Q53108
Q2701900,Q53092
Q2716369,Q53128
Q2793828,Q53120
Q4275864,Q53148
Q5002677,Q53073
Q5610441,Q53106
Q5689660,Q53105
Q5577331,Q53161
Q5884412,Q53163
Q6721801,Q53156
Q7231713,Q53103
Q7185593,Q53138
Q7608515,Q53088
Q11941314,Q53069
Q12785500,Q53109
Q13554360,Q53086
Q13156704,Q53149
Q16274953,Q53165
Q16148536,Q53070
Q15830325,Q53154
Q36880649,Q53080
Q16860593,Q53077
Q16479425,Q53140
Q16870892,Q53094
Q16870332,Q53098
Q16871077,Q53111
Q16870513,Q53114
Q16882796,Q53116
Q17123568,Q53093
Q16869738,Q53146
Q16872199,Q53144
Q16879732,Q53169
Q17040982,Q53164
Q18062610,Q53153
Q18822560,Q53147
Q19604207,Q53127
Q19768198,Q53123
Q20998240,Q53074
Q20679907,Q53121
Q21452237,Q53075
Q21430947,Q53084
Q21494336,Q53090
Q21493571,Q53101
Q21506913,Q53089
Q21500414,Q53104
Q21506737,Q53113
Q21450238,Q53130
Q21453128,Q53132
Q21493675,Q53139
Q21484749,Q53160
Q21500595,Q53168
Q27019774,Q53117
Q26988408,Q53141
Q27680770,Q53102
Q27493931,Q53166
Q27636318,Q53137
Q28215765,Q53099
Q29048747,Q53071
Q29533734,Q53131
Q29825076,Q53079
Q29627388,Q53133
Q30525180,Q53115
Q30669490,Q53091
Q30525731,Q53152
Q36872540,Q53085
Q37065455,Q53097
Q37187420,Q53083
Q37075459,Q53110
Q36922355,Q53162
Q37189071,Q53118
Q37475945,Q53112
Q37445449,Q53124
Q37486546,Q53145
Q37449433,Q53158
Q37537811,Q53143
Q47493342,Q53072
Q47515952,Q53136
Q48688252,Q53157
Q52008221,Q53087
Q56243665,Q53129
Q60795519,Q53122
Q91827873,Q53134
Q104540000,Q53081
Q104594406,Q53078
Q111279887,Q53082
Q1259568,Q53244
Q827140,Q53235
Q4375028,Q53194
Q16276453,Q53184
Q16875942,Q53260
Q181502,Q53229
Q420601,Q53214
Q897716,Q53243
Q914279,Q53249
Q1215200,Q53218
Q991094,Q53259
Q21450564,Q53205
Q7593204,Q53217
Q2123241,Q53191
Q19800847,Q53219
Q2065931,Q53240
Q2658113,Q53213
Q2549042,Q53250
Q2711174,Q53239
Q2691159,Q53246
Q2696422,Q53247
Q21481527,Q53185
Q4151606,Q53241
Q4336984,Q53223
Q5745568,Q53192
Q5435709,Q53238
Q6800602,Q53233
Q6729459,Q53258
Q10588869,Q53183
Q12190384,Q53182
Q12794624,Q53177
Q12798330,Q53255
Q13557324,Q53206
Q13565117,Q53224
Q13583278,Q53266
Q15725864,Q53256
Q15897047,Q53226
Q16479781,Q53175
Q16479536,Q53193
Q16277194,Q53202
Q16869871,Q53171
Q16869679,Q53181
Q16871960,Q53188
Q16458527,Q53245
Q16883813,Q53201
Q16860083,Q53207
Q17198175,Q53176
Q16877335,Q53209
Q16869990,Q53220
Q16881854,Q53222
Q16872304,Q53231
Q16884749,Q53242
Q16870904,Q53254
Q17033003,Q53227
Q16884323,Q53253
Q16881248,Q53257
Q16865379,Q53265
Q16872181,Q53261
Q17118516,Q53232
Q16870619,Q53270
Q18354184,Q53180
Q18918154,Q53199
Q20997550,Q53196
Q20726978,Q53204
Q21504754,Q53173
Q21506567,Q53172
Q21492674,Q53190
Q21501443,Q53195
Q21509457,Q53189
Q21449363,Q53215
Q21446762,Q53230
Q21491698,Q53236
Q21510940,Q53228
Q21510026,Q53234
Q21449728,Q53251
Q21494385,Q53263
Q23781409,Q53262
Q25114785,Q53208
Q26926430,Q53179
Q27450587,Q53187
Q27887771,Q53237
Q28008532,Q53269
Q28153005,Q53268
Q30414879,Q53200
Q34688341,Q53248
Q36920966,Q53178
Q36932904,Q53186
Q37290376,Q53174
Q36954501,Q53212
Q37550505,Q53198
Q37494911,Q53210
Q59003381,Q53225
Q55087627,Q53252
Q56022391,Q53216
Q56246441,Q53264
Q59827942,Q53197
Q61045809,Q53203
Q61992480,Q53170
Q66580983,Q53221
Q108320638,Q53267
Q263542,Q53301
Q2782021,Q53338
Q1551523,Q53354
Q15616677,Q53283
Q14966209,Q53353
Q16860066,Q53273
Q120401,Q53291
Q357139,Q53307
Q426463,Q53318
Q449411,Q53356
Q568872,Q53340
Q608991,Q53333
Q790941,Q53346
Q1158860,Q53326
Q1104540,Q53350
Q1700760,Q53280
Q1592772,Q53327
Q1499076,Q53339
Q2105042,Q53306
Q1679720,Q53367
Q16870299,Q53322
Q2526219,Q53329
Q2700390,Q53330
Q4691265,Q53365
Q16869974,Q53315
Q5476369,Q53337
Q6455708,Q53311
Q6947260,Q53345
Q7429135,Q53312
Q7205434,Q53352
Q8052038,Q53366
Q9182324,Q53336
Q12652678,Q53342
Q21508954,Q53332
Q11790733,Q53299
Q12806378,Q53314
Q13561066,Q53316
Q13553902,Q53341
Q16870472,Q53334
Q14477605,Q53320
Q15789581,Q53351
Q16884005,Q53277
Q16275373,Q53369
Q16865293,Q53288
Q16479814,Q53343
Q16882328,Q53287
Q16871319,Q53304
Q16876133,Q53313
Q16479802,Q53358
Q16870922,Q53323
Q16872040,Q53328
Q16881845,Q53325
Q16860065,Q53349
Q16870249,Q53357
Q16870350,Q53359
Q18331375,Q53274
Q18515516,Q53285
Q18705465,Q53294
Q20046430,Q53300
Q20731004,Q53290
Q21452033,Q53282
Q21513202,Q53275
Q21450848,Q53286
Q21491199,Q53281
Q21492738,Q53279
Q21508165,Q53295
Q21506899,Q53297
Q21497115,Q53308
Q20998252,Q53362
Q21451047,Q53321
Q21476586,Q53324
Q21510704,Q53344
Q21488342,Q53347
Q21500590,Q53363
Q21508076,Q53364
Q23023859,Q53272
Q24744082,Q53278
Q26905931,Q53289
Q27988703,Q53293
Q27988939,Q53296
Q28146521,Q53310
Q28148340,Q53355
Q29189405,Q53317
Q29981259,Q53309
Q30421403,Q53335
Q36946902,Q53276
Q37151952,Q53319
Q37502640,Q53303
Q37435386,Q53360
Q37574568,Q53361
Q37563453,Q53368
Q44702751,Q53284
Q51283097,Q53370
Q54555669,Q53292
Q56245838,Q53271
Q83345380,Q53331
Q86955977,Q53298
Q91548401,Q53302
Q105770910,Q53348
Q109920381,Q53305
Q1444604,Q53017
Q2803433,Q53025
Q1469854,Q53008
Q16884058,Q53010
Q18331346,Q53003
Q131935,Q52991
Q342908,Q53009
Q1170636,Q52969
Q1158882,Q52989
Q1158545,Q53031
Q1566266,Q52988
Q16870267,Q53066
Q2798428,Q52998
Q2677358,Q53036
Q2664624,Q53044
Q4857241,Q53007
Q5047679,Q52980
Q24413029,Q52986
Q5900583,Q53053
Q6722753,Q53000
Q7157731,Q53034
Q7637672,Q53002
Q7830266,Q52994
Q7620604,Q53029
Q12035979,Q52975
Q29819125,Q52999
Q12184718,Q53020
Q13400757,Q53012
Q13407277,Q53015
Q13590682,Q52983
Q14917207,Q53068
Q15079696,Q53065
Q15829860,Q52973
Q15697431,Q53059
Q15975432,Q53013
Q16871005,Q52985
Q19902329,Q53024
Q16479799,Q53060
Q17034171,Q52976
Q16865335,Q53016
Q16871131,Q53021
Q16871312,Q53033
Q16865671,Q53038
Q16842504,Q53062
Q16860299,Q53046
Q17144607,Q53026
Q17035149,Q53049
Q19887989,Q52984
Q19921272,Q53005
Q19902393,Q53022
Q20726765,Q53047
Q21242872,Q52982
Q21508298,Q52970
Q21489127,Q52978
Q21450908,Q52981
Q21493768,Q52997
Q21500707,Q53004
Q21491946,Q53018
Q21450092,Q53027
Q21513119,Q53035
Q21487897,Q53040
Q21449254,Q53064
Q21509059,Q53063
Q23365115,Q52993
Q23536612,Q53054
Q24074277,Q53011
Q27106112,Q52987
Q26868923,Q53032
Q29631319,Q52974
Q29653116,Q52971
Q29531776,Q53001
Q29646119,Q53006
Q29546864,Q53039
Q30669554,Q53055
Q37046630,Q53023
Q36871789,Q53057
Q37268242,Q52995
Q37193480,Q53014
Q37512000,Q52979
Q37482023,Q52990
Q37227205,Q53050
Q37514243,Q53037
Q37507618,Q53058
Q37568491,Q53045
Q42119174,Q53043
Q42588363,Q53028
Q47514956,Q53048
Q52984204,Q52977
Q55759066,Q52972
Q56245227,Q52996
Q66056961,Q53052
Q95260553,Q52992
Q98097168,Q53067
Q99668740,Q53042
Q104871235,Q53056
Q105681558,Q53061
Q106264461,Q53051
Q107448972,Q53030
Q111644903,Q53041
Q115453823,Q53019
Q1628041,Q53441
Q16876458,Q53401
Q535214,Q53385
Q431274,Q53394
Q632945,Q53388
Q831160,Q53399
Q1440104,Q53390
Q1260183,Q53440
Q1408775,Q53420
Q1544042,Q53415
Q2227672,Q53470
Q2658970,Q53431
Q2662465,Q53436
Q2793334,Q53423
Q2801971,Q53447
Q4160058,Q53468
Q4914573,Q53410
Q4876069,Q53417
Q5287926,Q53371
Q4913602,Q53458
Q5272610,Q53464
Q5570018,Q53462
Q6501864,Q53407
Q7235879,Q53413
Q7559956,Q53376
Q7781122,Q53374
Q7312791,Q53448
Q7336785,Q53444
Q7515262,Q53452
Q7832680,Q53449
Q9014839,Q53456
Q10471460,Q53450
Q10859343,Q53416
Q10862233,Q53426
Q12678725,Q53375
Q12799360,Q53405
Q13560407,Q53389
Q14915267,Q53469
Q16479727,Q53414
Q16577973,Q53392
Q16869210,Q53372
Q16869940,Q53373
Q16799973,Q53386
Q16865454,Q53378
Q16869073,Q53384
Q16883847,Q53383
Q16473357,Q53451
Q16479662,Q53446
Q16870929,Q53393
Q16872408,Q53398
Q16881336,Q53397
Q16882049,Q53400
Q16870687,Q53406
Q16876324,Q53404
Q16798149,Q53419
Q16937984,Q53412
Q16876227,Q53430
Q16878075,Q53439
Q16860571,Q53442
Q17144396,Q53409
Q16883202,Q53460
Q18914796,Q53422
Q19582298,Q53396
Q19754983,Q53387
Q19607236,Q53424
Q19930319,Q53433
Q21003018,Q53379
Q20713285,Q53465
Q20979432,Q53434
Q21492374,Q53380
Q21449300,Q53395
Q21502034,Q53403
Q21487771,Q53421
Q21487998,Q53427
Q21501608,Q53429
Q21507730,Q53432
Q21507931,Q53438
Q21454108,Q53453
Q21484740,Q53454
Q21507708,Q53443
Q21450930,Q53455
Q21494177,Q53459
Q21484688,Q53463
Q25113956,Q53445
Q27988984,Q53408
Q37121650,Q53418
Q37186377,Q53425
Q37482288,Q53391
Q37121501,Q53461
Q37553656,Q53411
Q37547935,Q53466
Q47496054,Q53467
Q56292012,Q53437
Q61830882,Q53377
Q61438081,Q53457
Q62703161,Q53435
Q64416117,Q53428
Q91061068,Q53381
Q107326278,Q53402
Q110880980,Q53382
Q1479191,Q54060
Q405906,Q53981
Q383010,Q54039
Q431890,Q54034
Q607829,Q54063
Q1401637,Q53984
Q1616996,Q53992
Q1627663,Q54002
Q2079518,Q53974
Q2043243,Q54056
Q16872027,Q53991
Q2780711,Q54031
Q16872410,Q54021
Q4876221,Q54055
Q5455208,Q53982
Q7372273,Q54005
Q6949295,Q54065
Q7581584,Q53975
Q7297074,Q54042
Q12786548,Q54008
Q16869728,Q54000
Q13553605,Q54012
Q13560454,Q54018
Q13553587,Q54026
Q15789303,Q53983
Q15897599,Q54004
Q16101731,Q53993
Q16281067,Q54033
Q16870388,Q53971
Q16884653,Q53970
Q16860055,Q53980
Q16860306,Q53987
Q16825795,Q53995
Q16471355,Q54049
Q16871951,Q53990
Q16865826,Q54015
Q16876701,Q54017
Q16883490,Q54010
Q16883806,Q54028
Q17035455,Q54007
Q17121278,Q53986
Q16871087,Q54040
Q16823309,Q54046
Q16880650,Q54043
Q16876601,Q54067
Q16880488,Q54064
Q17118981,Q54032
Q16862553,Q54069
Q18331067,Q53989
Q18349792,Q53998
Q37203407,Q54050
Q19902162,Q54035
Q21493101,Q53978
Q21492540,Q54009
Q21509905,Q54006
Q21446306,Q54027
Q21452271,Q54024
Q21504816,Q54013
Q21506604,Q54029
Q21510527,Q54037
Q21482829,Q54045
Q21492557,Q54047
Q21428206,Q54059
Q21492670,Q54058
Q21529306,Q54062
Q22294393,Q54041
Q41532699,Q54068
Q24451637,Q53988
Q27988700,Q53999
Q28468750,Q54036
Q28833758,Q54022
Q29168809,Q54053
Q29913849,Q53972
Q29856658,Q54057
Q37004817,Q53977
Q36933361,Q54001
Q37080030,Q53976
Q37208702,Q53997
Q36941998,Q54044
Q37511305,Q53973
Q37483172,Q53979
Q37102510,Q54051
Q37563258,Q53994
Q37442919,Q54014
Q37160298,Q54066
Q37538140,Q54025
Q37557962,Q54019
Q37465189,Q54061
Q44702819,Q54011
Q48688295,Q54003
Q54871520,Q54054
Q56225588,Q54030
Q56651814,Q53985
Q56434765,Q54038
Q56603896,Q54052
Q63453818,Q54016
Q73641957,Q54048
Q82006279,Q54023
Q105348467,Q54020
Q112599746,Q53996
Q2779549,Q54114
Q1051858,Q54093
Q1158419,Q54098
Q806825,Q54166
Q1522852,Q54074
Q1531980,Q54156
Q4042166,Q54097
Q5693617,Q54153
Q5655731,Q54163
Q7431240,Q54141
Q7963813,Q54105
Q12798362,Q54071
Q12766965,Q54088
Q16282683,Q54162
Q15620049,Q54095
Q16148136,Q54080
Q16275189,Q54130
Q16479442,Q54090
Q16479757,Q54125
Q16872092,Q54070
Q16870618,Q54076
Q16870942,Q54083
Q16871232,Q54087
Q16932580,Q54084
Q16870193,Q54104
Q16869753,Q54119
Q16867358,Q54124
Q16883357,Q54112
Q16869742,Q54128
Q16860329,Q54143
Q16870257,Q54137
Q16869600,Q54142
Q16880593,Q54131
Q16870091,Q54144
Q16869868,Q54151
Q18324361,Q54111
Q19694228,Q54160
Q19856970,Q54165
Q20985269,Q54077
Q20997865,Q54106
Q23039002,Q54075
Q21493476,Q54073
Q21491579,Q54079
Q21507132,Q54078
Q21509949,Q54082
Q21450582,Q54113
Q21430837,Q54140
Q21491842,Q54099
Q21476714,Q54121
Q21508282,Q54102
Q21501617,Q54115
Q21491884,Q54139
Q21509857,Q54133
Q21450222,Q54147
Q21507019,Q54148
Q21448976,Q54169
Q21491354,Q54167
Q21507547,Q54168
Q24698962,Q54120
Q25114859,Q54129
Q27163209,Q54145
Q28169219,Q54094
Q29546732,Q54096
Q29811987,Q54158
Q30668873,Q54152
Q36975993,Q54127
Q37196423,Q54081
Q37077425,Q54092
Q37306124,Q54085
Q37254277,Q54091
Q37228445,Q54132
Q36961905,Q54146
Q37065340,Q54161
Q37523485,Q54107
Q37528659,Q54136
Q37287467,Q54157
Q37487003,Q54150
Q37526851,Q54149
Q37530063,Q54164
Q37562822,Q54155
Q42865019,Q54123
Q63978307,Q54138
Q47088702,Q54154
Q56539186,Q54100
Q60024056,Q54122
Q62564855,Q54103
Q63170189,Q54116
Q83384823,Q54134
Q86009407,Q54135
Q88267110,Q54117
Q90602501,Q54086
Q95916814,Q54118
Q98458671,Q54089
Q101038905,Q54126
Q101413572,Q54072
Q107453059,Q54101
Q107471531,Q54109
Q110880265,Q54159
Q111476029,Q54108
Q40386,Q54110
Q808994,Q54204
Q16871796,Q54185
Q513524,Q54240
Q16860536,Q54262
Q1099246,Q54175
Q908629,Q54190
Q656179,Q54248
Q725719,Q54255
Q1393924,Q54193
Q2339506,Q54197
Q2660575,Q54182
Q2553367,Q54208
Q24088311,Q54219
Q13583115,Q54207
Q5196120,Q54227
Q5004060,Q54253
Q5519724,Q54198
Q6177536,Q54256
Q6521501,Q54237
Q6413366,Q54251
Q7385162,Q54189
Q7636332,Q54184
Q7491146,Q54194
Q7532182,Q54223
Q12788015,Q54173
Q12800227,Q54268
Q14859764,Q54203
Q15709639,Q54200
Q16035288,Q54233
Q16280420,Q54187
Q16870772,Q54170
Q16869432,Q54179
Q16877376,Q54174
Q16870817,Q54183
Q16880705,Q54177
Q16881041,Q54186
Q16827773,Q54226
Q16870058,Q54202
Q16880515,Q54196
Q16865881,Q54212
Q16870463,Q54210
Q16883902,Q54201
Q16862631,Q54236
Q16870148,Q54231
Q16883821,Q54221
Q16876011,Q54230
Q16881170,Q54234
Q17128250,Q54191
Q16865336,Q54258
Q16881414,Q54250
Q16860238,Q54266
Q17575952,Q54209
Q17625919,Q54243
Q18534005,Q54261
Q21454074,Q54171
Q21504689,Q54180
Q21507054,Q54181
Q21493415,Q54192
Q21450337,Q54213
Q21482912,Q54215
Q21491393,Q54214
Q21484661,Q54229
Q21501867,Q54228
Q21509429,Q54241
Q21492007,Q54249
Q21488855,Q54259
Q23643878,Q54220
Q23891488,Q54238
Q24232039,Q54254
Q25058808,Q54216
Q26742258,Q54225
Q26883087,Q54269
Q27264742,Q54246
Q28194317,Q54244
Q29956089,Q54224
Q37023100,Q54205
Q37252010,Q54188
Q37154563,Q54239
Q37013010,Q54260
Q37019794,Q54263
Q37470332,Q54217
Q37457889,Q54242
Q37169724,Q54252
Q37510702,Q54222
Q37554849,Q54195
Q37561870,Q54206
Q37231923,Q54264
Q37558447,Q54247
Q37559306,Q54257
Q41027986,Q54232
Q61045920,Q54267
Q48979588,Q54172
Q62702048,Q54245
Q81286022,Q54199
Q93451953,Q54178
Q97956334,Q54265
Q104592794,Q54218
Q106834863,Q54176
Q107063829,Q54235
Q109919072,Q54211
Q1565753,Q53485
Q2648323,Q53515
Q16766446,Q53498
Q1707301,Q53474
Q18610168,Q53542
Q912131,Q53482
Q716674,Q53523
Q1158513,Q53487
Q1158639,Q53533
Q21450552,Q53526
Q1557438,Q53561
Q1652067,Q53551
Q1725244,Q53553
Q2087898,Q53499
Q2712864,Q53543
Q2671214,Q53557
Q4491399,Q53538
Q4398705,Q53550
Q4996493,Q53508
Q7139878,Q53568
Q7253276,Q53569
Q7799658,Q53540
Q7851265,Q53537
Q9145324,Q53524
Q12652673,Q53516
Q12790756,Q53511
Q12790171,Q53570
Q13421990,Q53522
Q13635636,Q53500
Q14864337,Q53514
Q14915264,Q53530
Q15278582,Q53493
Q15229897,Q53517
Q15727038,Q53531
Q15785662,Q53529
Q16291195,Q53496
Q16479444,Q53494
Q16479726,Q53504
Q16479702,Q53507
Q16880802,Q53471
Q16870187,Q53477
Q16281541,Q53565
Q16870334,Q53479
Q16883623,Q53483
Q16479878,Q53547
Q16880709,Q53497
Q16871310,Q53502
Q16865656,Q53512
Q16865139,Q53518
Q16865328,Q53521
Q16871468,Q53520
Q16860340,Q53558
Q16883383,Q53560
Q18757725,Q53556
Q21509274,Q53480
Q21492095,Q53491
Q20996901,Q53563
Q21494541,Q53492
Q21509831,Q53503
Q21509094,Q53510
Q21476662,Q53519
Q21555242,Q53539
Q21449196,Q53549
Q21510203,Q53559
Q23135641,Q53489
Q22937894,Q53545
Q23038495,Q53525
Q23715858,Q53488
Q23908925,Q53546
Q24536915,Q53536
Q27651449,Q53476
Q28199838,Q53472
Q28169216,Q53513
Q28147205,Q53528
Q28153047,Q53532
Q29652752,Q53567
Q34930922,Q53552
Q37151795,Q53484
Q36987487,Q53527
Q36955661,Q53554
Q36989692,Q53548
Q37542303,Q53495
Q37522016,Q53501
Q37487507,Q53544
Q37556862,Q53555
Q42865151,Q53534
Q47454447,Q53566
Q61014310,Q53505
Q90122041,Q53490
Q90079826,Q53564
Q91263397,Q53481
Q95208145,Q53562
Q98553585,Q53541
Q101439476,Q53486
Q105418209,Q53535
Q105713165,Q53509
Q108806232,Q53478
Q111678071,Q53475
Q112599962,Q53473
Q113990137,Q53506
Q1965666,Q54505
Q2800825,Q54561
Q16880910,Q54510
Q7830161,Q54521
Q2694490,Q54500
Q4496019,Q54483
Q5047357,Q54529
Q4971575,Q54542
Q5606487,Q54526
Q7109481,Q54519
Q6800596,Q54560
Q7827602,Q54493
Q7703675,Q54525
Q12798029,Q54563
Q13553506,Q54502
Q13479473,Q54533
Q16276021,Q54473
Q16158508,Q54506
Q16276127,Q54495
Q16865684,Q54480
Q16798403,Q54487
Q16872554,Q54501
Q16860309,Q54514
Q16865690,Q54516
Q16870522,Q54518
Q16884113,Q54562
Q18620837,Q54559
Q20164022,Q54523
Q20202261,Q54557
Q20907254,Q54474
Q21491864,Q54475
Q21491335,Q54478
Q21492906,Q54477
Q21500593,Q54472
Q21493691,Q54486
Q21450739,Q54489
Q20997663,Q54554
Q21450613,Q54497
Q21493727,Q54490
Q21450103,Q54527
Q21450814,Q54530
Q21504892,Q54508
Q21513333,Q54509
Q21491252,Q54520
Q21501619,Q54522
Q21508686,Q54517
Q21507877,Q54524
Q21508272,Q54532
Q21487817,Q54539
Q21492511,Q54538
Q21450827,Q54543
Q21482807,Q54550
Q21493222,Q54541
Q21494115,Q54544
Q21492846,Q54553
Q21507903,Q54548
Q21451122,Q54555
Q21450663,Q54556
Q21504720,Q54566
Q21508328,Q54568
Q21512594,Q54567
Q22815393,Q54503
Q24088315,Q54552
Q25114228,Q54546
Q26736516,Q54565
Q27826583,Q54494
Q27357173,Q54564
Q28216108,Q54470
Q27636046,Q54558
Q28599991,Q54511
Q28976360,Q54512
Q29546788,Q54482
Q29643935,Q54515
Q29818478,Q54547
Q34903347,Q54498
Q36978143,Q54492
Q37152174,Q54488
Q37189361,Q54496
Q37443052,Q54485
Q37538349,Q54481
Q37558116,Q54484
Q37572463,Q54476
Q37494029,Q54504
Q37163838,Q54549
Q37483780,Q54528
Q37508882,Q54513
Q37511715,Q54536
Q37519455,Q54537
Q37505570,Q54569
Q39784218,Q54545
Q40596122,Q54479
Q41588071,Q54499
Q47830601,Q54471
Q47543184,Q54531
Q56538609,Q54491
Q57746696,Q54534
Q65953328,Q54540
Q83790529,Q54535
Q92096388,Q54507
Q99672107,Q54551
Q2782528,Q54343
Q11111401,Q54359
Q16479860,Q54270
Q16833377,Q54368
Q179205,Q54309
Q105285,Q54321
Q812568,Q54274
Q1409748,Q54278
Q1586137,Q54275
Q1618104,Q54279
Q1158459,Q54353
Q1535908,Q54354
Q4986853,Q54358
Q5766091,Q54299
Q8157228,Q54329
Q11927467,Q54271
Q12785738,Q54292
Q12785963,Q54361
Q15727828,Q54327
Q16279033,Q54347
Q16799350,Q54301
Q16860538,Q54276
Q16865587,Q54273
Q16275917,Q54367
Q16861229,Q54282
Q16865331,Q54284
Q16865429,Q54286
Q16871165,Q54283
Q16865747,Q54289
Q16860286,Q54295
Q16872404,Q54285
Q16876546,Q54294
Q16881319,Q54296
Q16870244,Q54312
Q16937452,Q54310
Q16870725,Q54320
Q16882085,Q54319
Q16881335,Q54333
Q16869774,Q54336
Q16872048,Q54337
Q16880711,Q54348
Q16883139,Q54357
Q37511078,Q54303
Q18070771,Q54288
Q18325135,Q54322
Q18331735,Q54340
Q18574758,Q54350
Q18808486,Q54349
Q19817034,Q54308
Q20155676,Q54344
Q21448686,Q54272
Q21491112,Q54280
Q21494431,Q54314
Q21491499,Q54323
Q21407208,Q54332
Q21491164,Q54346
Q21493287,Q54345
Q21491767,Q54351
Q21450735,Q54364
Q23012892,Q54293
Q26709983,Q54328
Q27429888,Q54369
Q28920982,Q54305
Q29534678,Q54287
Q29625195,Q54297
Q29898606,Q54291
Q29546889,Q54363
Q29892695,Q54355
Q30179909,Q54330
Q30669610,Q54304
Q30524248,Q54307
Q33120454,Q54366
Q37083136,Q54298
Q36951555,Q54318
Q37235404,Q54302
Q37086581,Q54306
Q37027916,Q54325
Q36959792,Q54342
Q37009391,Q54335
Q37256025,Q54315
Q37451704,Q54300
Q37486962,Q54290
Q37104518,Q54356
Q37443399,Q54316
Q37263907,Q54339
Q37114909,Q54362
Q37497969,Q54317
Q37488198,Q54352
Q42865365,Q54281
Q47015884,Q54365
Q47493366,Q54341
Q54987033,Q54334
Q56245588,Q54311
Q64205406,Q54326
Q66685821,Q54313
Q67232649,Q54338
Q76422720,Q54360
Q104179222,Q54324
Q105701394,Q54331
Q112596010,Q54277
Q1953798,Q55219
Q11271031,Q55199
Q12655766,Q55210
Q16860565,Q55262
Q1158586,Q55238
Q4392254,Q55185
Q4236404,Q55230
Q4530246,Q55255
Q5195456,Q55178
Q5069042,Q55232
Q7932453,Q55243
Q28800611,Q55247
Q11825166,Q55195
Q12056540,Q55206
Q12201665,Q55259
Q12675473,Q55201
Q13552870,Q55215
Q13552168,Q55256
Q15141941,Q55198
Q15844320,Q55196
Q16479772,Q55187
Q16870205,Q55175
Q16479895,Q55244
Q16870871,Q55194
Q16884354,Q55189
Q16865507,Q55209
Q16865661,Q55228
Q16869838,Q55227
Q16882562,Q55224
Q16774952,Q55249
Q16871763,Q55235
Q16870300,Q55239
Q16869662,Q55241
Q16820244,Q55260
Q16869602,Q55245
Q16869925,Q55246
Q16865691,Q55254
Q16823594,Q55267
Q16865621,Q55268
Q16876470,Q55269
Q20354737,Q55214
Q20996242,Q55172
Q20884194,Q55191
Q20727091,Q55218
Q21449031,Q55176
Q21476567,Q55177
Q21494396,Q55180
Q21500882,Q55173
Q21511062,Q55181
Q21482518,Q55182
Q21493396,Q55184
Q21492349,Q55186
Q21492136,Q55200
Q21509432,Q55204
Q21493301,Q55213
Q21509348,Q55222
Q21449838,Q55240
Q21449959,Q55253
Q21450746,Q55261
Q21484612,Q55248
Q21493631,Q55264
Q21506831,Q55265
Q22179713,Q55188
Q37541772,Q55183
Q23045974,Q55242
Q27255941,Q55170
Q27133250,Q55212
Q27988298,Q55257
Q29535286,Q55171
Q29407143,Q55192
Q29573570,Q55220
Q30346911,Q55223
Q34999983,Q55202
Q36870054,Q55208
Q37224950,Q55179
Q36924177,Q55225
Q37133000,Q55193
Q37136653,Q55203
Q37166615,Q55211
Q37100065,Q55221
Q37185425,Q55217
Q37506444,Q55190
Q37460175,Q55197
Q37303238,Q55233
Q37108324,Q55263
Q37522780,Q55207
Q37509244,Q55226
Q37527651,Q55234
Q37438778,Q55258
Q37450624,Q55252
Q47513724,Q55174
Q54868260,Q55229
Q56245365,Q55251
Q66724539,Q55231
Q90616340,Q55236
Q93942701,Q55266
Q100230386,Q55237
Q107202826,Q55250
Q110977917,Q55216
Q112278972,Q55205
Q16479448,Q55397
Q1336196,Q55395
Q1544833,Q55377
Q224301,Q55387
Q1259251,Q55412
Q1873014,Q55410
Q1580919,Q55459
Q1894550,Q55414
Q2672029,Q55385
Q2633333,Q55422
Q5449050,Q55375
Q5515279,Q55390
Q5517398,Q55460
Q6111417,Q55433
Q7250932,Q55436
Q7283847,Q55454
Q7623589,Q55451
Q7637671,Q55439
Q10656802,Q55469
Q12788003,Q55372
Q12787162,Q55393
Q12785838,Q55424
Q13553579,Q55383
Q13576920,Q55384
Q13571164,Q55396
Q13560458,Q55406
Q13553861,Q55411
Q14018152,Q55445
Q14787975,Q55379
Q16479725,Q55402
Q16861308,Q55374
Q16869767,Q55381
Q16881161,Q55400
Q16884844,Q55401
Q16871196,Q55405
Q16871148,Q55407
Q16917721,Q55398
Q16876273,Q55415
Q16876231,Q55416
Q16859989,Q55423
Q16883050,Q55421
Q16882473,Q55426
Q16865407,Q55430
Q16865657,Q55432
Q16869420,Q55440
Q16872163,Q55443
Q16872548,Q55444
Q16881371,Q55446
Q16881915,Q55447
Q16883011,Q55461
Q18809734,Q55428
Q21447900,Q55370
Q21508259,Q55371
Q21449630,Q55394
Q21452057,Q55392
Q21501979,Q55382
Q21448576,Q55399
Q21431195,Q55403
Q21507428,Q55404
Q21452368,Q55419
Q21448862,Q55438
Q21504728,Q55429
Q21491289,Q55437
Q21494574,Q55435
Q21488849,Q55449
Q21491261,Q55450
Q21508621,Q55458
Q21513178,Q55455
Q21491188,Q55463
Q21492398,Q55468
Q21508742,Q55465
Q23041455,Q55409
Q23308483,Q55448
Q25260130,Q55452
Q26973076,Q55413
Q28199768,Q55453
Q29614222,Q55373
Q36990902,Q55388
Q36879046,Q55408
Q37294823,Q55376
Q37452493,Q55380
Q37117912,Q55434
Q37178555,Q55427
Q37523007,Q55378
Q37555477,Q55391
Q37551291,Q55420
Q37206607,Q55467
Q37560860,Q55442
Q37452439,Q55466
Q51757503,Q55462
Q56246119,Q55441
Q56118775,Q55456
Q57314296,Q55389
Q59552606,Q55431
Q62075737,Q55418
Q72903454,Q55425
Q76791226,Q55464
Q93294522,Q55386
Q101040785,Q55417
Q116949597,Q55457
Q766203,Q54389
Q928249,Q54418
Q903972,Q54440
Q1409226,Q54378
Q811486,Q54462
Q1547388,Q54381
Q1755469,Q54464
Q4782242,Q54439
Q5188711,Q54411
Q4887733,Q54460
Q5211493,Q54467
Q5523470,Q54444
Q6389738,Q54453
Q7245232,Q54420
Q7703561,Q54396
Q16884655,Q54407
Q8020964,Q54387
Q16865586,Q54429
Q10450274,Q54374
Q13418278,Q54379
Q13581093,Q54433
Q15119657,Q54373
Q16860207,Q54447
Q14947702,Q54469
Q15789461,Q54376
Q15840785,Q54390
Q15897006,Q54459
Q16865864,Q54377
Q16865650,Q54400
Q16870306,Q54397
Q16865207,Q54406
Q16882074,Q54409
Q17119825,Q54375
Q16870883,Q54416
Q16860450,Q54432
Q16876289,Q54423
Q16876462,Q54425
Q16869803,Q54434
Q16881402,Q54422
Q16865799,Q54449
Q16869903,Q54445
Q16883948,Q54458
Q16870307,Q54468
Q18272482,Q54466
Q18608509,Q54455
Q19902149,Q54410
Q20519704,Q54430
Q21449297,Q54372
Q21450371,Q54405
Q21507863,Q54383
Q21509127,Q54384
Q21493310,Q54399
Q21510179,Q54392
Q21493451,Q54414
Q21428343,Q54426
Q21509586,Q54415
Q21448974,Q54436
Q21448959,Q54448
Q21451059,Q54450
Q21475261,Q54446
Q21493399,Q54443
Q21452401,Q54456
Q21509355,Q54463
Q27651212,Q54382
Q24475621,Q54465
Q26995306,Q54403
Q26912328,Q54424
Q26788512,Q54454
Q27230338,Q54398
Q27897089,Q54402
Q29825377,Q54394
Q30224802,Q54386
Q29786764,Q54461
Q35552000,Q54431
Q36879533,Q54395
Q37005214,Q54388
Q36955372,Q54451
Q37478697,Q54412
Q37162229,Q54457
Q37490945,Q54417
Q47061195,Q54428
Q54810508,Q54408
Q55322143,Q54441
Q55643794,Q54419
Q56291987,Q54442
Q57661293,Q54371
Q65097457,Q54437
Q67176201,Q54401
Q74586895,Q54393
Q75237187,Q54421
Q88782584,Q54452
Q90774133,Q54404
Q90977365,Q54380
Q99909867,Q54385
Q100287769,Q54435
Q103980731,Q54413
Q105975268,Q54427
Q111590032,Q54438
Q114077904,Q54391
Q115301176,Q54370
Q16865775,Q54570
Q539304,Q54650
Q1272737,Q54595
Q1390707,Q54617
Q1719303,Q54588
Q2778569,Q54629
Q4095064,Q54665
Q4928044,Q54642
Q4960614,Q54652
Q4998273,Q54626
Q5312637,Q54622
Q5331334,Q54647
Q6721770,Q54635
Q7093938,Q54579
Q6984483,Q54619
Q7247081,Q54638
Q28017312,Q54631
Q7785117,Q54583
Q21450560,Q54589
Q16275786,Q54603
Q13627772,Q54575
Q13552078,Q54649
Q13553907,Q54654
Q13553742,Q54656
Q14626636,Q54610
Q16275296,Q54581
Q16243195,Q54586
Q16277779,Q54663
Q16865553,Q54578
Q16870740,Q54591
Q16871875,Q54592
Q16870381,Q54597
Q16880916,Q54601
Q16869702,Q54613
Q16883460,Q54605
Q16881098,Q54614
Q16865136,Q54620
Q16870542,Q54621
Q16883559,Q54623
Q16882327,Q54625
Q16870566,Q54641
Q16880704,Q54633
Q16870885,Q54648
Q16883631,Q54646
Q16865753,Q54655
Q16876225,Q54657
Q17521245,Q54666
Q19902170,Q54664
Q20668001,Q54606
Q20726986,Q54643
Q20996341,Q54602
Q20996205,Q54609
Q20995974,Q54630
Q21487227,Q54580
Q21449777,Q54594
Q21492761,Q54584
Q21492491,Q54596
Q21502021,Q54587
Q21491209,Q54598
Q21449422,Q54615
Q21507433,Q54604
Q21501879,Q54611
Q21507748,Q54608
Q21507969,Q54616
Q21509818,Q54640
Q21507153,Q54651
Q21507710,Q54660
Q21507641,Q54662
Q23527310,Q54644
Q27651197,Q54632
Q27989069,Q54618
Q29559650,Q54574
Q29530473,Q54658
Q31892236,Q54593
Q36866121,Q54573
Q36878625,Q54607
Q37029882,Q54624
Q37491029,Q54577
Q37558465,Q54571
Q37548407,Q54582
Q37510664,Q54585
Q37113637,Q54659
Q37518801,Q54645
Q37538451,Q54636
Q37453838,Q54661
Q40294274,Q54667
Q48688536,Q54653
Q48979020,Q54599
Q48979695,Q54600
Q54488212,Q54637
Q55209555,Q54572
Q58409330,Q54668
Q65176285,Q54634
Q98103398,Q54628
Q105818278,Q54576
Q105980504,Q54612
Q107899873,Q54639
Q112595162,Q54627
Q112898648,Q54590
Q114706311,Q54669
Q13582244,Q53608
Q20520262,Q53645
Q973239,Q53590
Q532583,Q53661
Q1158485,Q53601
Q980636,Q53643
Q1546592,Q53599
Q1422706,Q53652
Q2106585,Q53591
Q2526475,Q53609
Q21751041,Q53624
Q21050435,Q53634
Q4131384,Q53625
Q4904143,Q53611
Q5604309,Q53573
Q13552882,Q53585
Q13498051,Q53664
Q14012110,Q53632
Q14626282,Q53598
Q14648920,Q53607
Q15208210,Q53572
Q15614654,Q53613
Q15776674,Q53571
Q15917350,Q53631
Q15782426,Q53653
Q16291233,Q53629
Q15785531,Q53666
Q16479921,Q53588
Q16479741,Q53612
Q16276486,Q53649
Q16833396,Q53580
Q16860378,Q53583
Q16860468,Q53586
Q16865734,Q53595
Q16882319,Q53587
Q16860206,Q53618
Q16870912,Q53619
Q16931215,Q53581
Q16869512,Q53636
Q16880366,Q53637
Q16869553,Q53640
Q16867471,Q53658
Q16869656,Q53656
Q16881390,Q53654
Q16865192,Q53667
Q16883767,Q53665
Q16869747,Q53670
Q17379071,Q53647
Q18371533,Q53623
Q18016456,Q53669
Q18714104,Q53641
Q36989291,Q53648
Q20997311,Q53620
Q20997154,Q53630
Q20727244,Q53644
Q20748947,Q53642
Q21487502,Q53592
Q21491741,Q53610
Q21484845,Q53627
Q21504681,Q53621
Q21507374,Q53622
Q21448605,Q53638
Q21450751,Q53639
Q21492199,Q53646
Q21450419,Q53662
Q21493263,Q53650
Q21504803,Q53651
Q21492821,Q53668
Q23934713,Q53616
Q24451228,Q53614
Q24698547,Q53655
Q26250782,Q53626
Q26736185,Q53615
Q27235644,Q53582
Q27429891,Q53593
Q27988884,Q53575
Q28123662,Q53577
Q28194471,Q53574
Q28836897,Q53600
Q28973465,Q53635
Q29514589,Q53606
Q37234118,Q53576
Q37185061,Q53603
Q37186275,Q53605
Q36926130,Q53660
Q37159556,Q53633
Q37532577,Q53589
Q37551995,Q53579
Q37264660,Q53659
Q37495568,Q53657
Q37524876,Q53663
Q42333765,Q53578
Q41661769,Q53596
Q53733927,Q53617
Q55550590,Q53597
Q67176099,Q53628
Q90125417,Q53584
Q108691382,Q53604
Q112599482,Q53594
Q114242075,Q53602
Q1848748,Q55270
Q16869682,Q55309
Q758259,Q55290
Q1095787,Q55282
Q1260948,Q55303
Q1544694,Q55308
Q5188068,Q55338
Q5527723,Q55353
Q6382344,Q55296
Q6451805,Q55368
Q7204910,Q55281
Q6966760,Q55351
Q7161556,Q55342
Q7508218,Q55318
Q10527108,Q55305
Q10843467,Q55346
Q12786498,Q55339
Q13553571,Q55289
Q13630301,Q55340
Q14515479,Q55272
Q15123615,Q55304
Q15637587,Q55276
Q15272936,Q55337
Q16875869,Q55333
Q15897040,Q55344
Q16290892,Q55286
Q16278276,Q55297
Q16166336,Q55367
Q16870408,Q55275
Q16798079,Q55284
Q16479670,Q55331
Q16703634,Q55295
Q16845443,Q55279
Q16865810,Q55277
Q16870130,Q55283
Q16479690,Q55336
Q16877343,Q55287
Q16865414,Q55315
Q16871545,Q55312
Q16880995,Q55320
Q16870140,Q55330
Q16860394,Q55334
Q16865741,Q55343
Q16860126,Q55352
Q16882798,Q55350
Q16881218,Q55357
Q16882547,Q55360
Q19672747,Q55362
Q21508944,Q55271
Q21489000,Q55280
Q21500584,Q55285
Q21450378,Q55300
Q21076612,Q55355
Q21492294,Q55292
Q21493284,Q55294
Q21449316,Q55310
Q21447889,Q55322
Q21450961,Q55325
Q21510686,Q55324
Q21500586,Q55348
Q21507090,Q55345
Q21449581,Q55365
Q21451119,Q55364
Q23045602,Q55307
Q23038992,Q55328
Q26905901,Q55354
Q26973608,Q55361
Q27624281,Q55321
Q27869307,Q55323
Q28192951,Q55273
Q28100509,Q55316
Q28147218,Q55356
Q29416719,Q55302
Q29830761,Q55274
Q29535355,Q55349
Q37182357,Q55278
Q37178404,Q55291
Q37305757,Q55359
Q37514164,Q55326
Q37552544,Q55329
Q37549405,Q55335
Q37442036,Q55369
Q37552968,Q55363
Q42961405,Q55306
Q47469351,Q55332
Q54858550,Q55301
Q56246567,Q55293
Q56245440,Q55319
Q56541348,Q55317
Q56654039,Q55298
Q56541454,Q55358
Q56827144,Q55347
Q57616815,Q55299
Q57600107,Q55341
Q63315466,Q55366
Q65176790,Q55311
Q75647543,Q55288
Q105804400,Q55313
Q112572256,Q55327
Q115475235,Q55314
Q16883153,Q55516
Q301610,Q55550
Q306749,Q55549
Q785821,Q55546
Q932128,Q55517
Q1283321,Q55499
Q2266504,Q55478
Q21484864,Q55536
Q4883562,Q55482
Q4956333,Q55474
Q4868998,Q55504
Q5604798,Q55477
Q6732803,Q55496
Q7597442,Q55538
Q7439273,Q55556
Q7692026,Q55559
Q12042571,Q55526
Q12673714,Q55558
Q13552129,Q55490
Q14312974,Q55472
Q15457173,Q55481
Q16276974,Q55480
Q16279042,Q55498
Q16841766,Q55485
Q16869508,Q55488
Q16865188,Q55493
Q16860557,Q55507
Q16691787,Q55533
Q16877078,Q55511
Q16798147,Q55542
Q16876763,Q55521
Q16876713,Q55522
Q16883146,Q55518
Q16883409,Q55519
Q16876873,Q55523
Q16870841,Q55537
Q16877592,Q55530
Q16880446,Q55532
Q16881401,Q55566
Q16880666,Q55569
Q17022714,Q55563
Q17018250,Q55564
Q21487996,Q55508
Q18211374,Q55483
Q18327304,Q55479
Q19063634,Q55501
Q19252439,Q55553
Q19607241,Q55548
Q20996013,Q55502
Q21452362,Q55475
Q21492107,Q55471
Q21491505,Q55489
Q21493666,Q55494
Q21492958,Q55497
Q21452107,Q55512
Q21482511,Q55520
Q21475333,Q55543
Q21482730,Q55539
Q21511410,Q55524
Q21507656,Q55529
Q21475286,Q55554
Q21482966,Q55552
Q26001313,Q55503
Q27897265,Q55476
Q27429821,Q55567
Q30102635,Q55514
Q27651236,Q55565
Q28402818,Q55492
Q28146696,Q55540
Q28819342,Q55528
Q30324648,Q55513
Q36886928,Q55491
Q36991858,Q55487
Q37044227,Q55484
Q37155733,Q55470
Q37130847,Q55505
Q37307517,Q55500
Q37155582,Q55535
Q37033089,Q55560
Q37015931,Q55561
Q37040301,Q55568
Q37440119,Q55534
Q37438520,Q55541
Q40213123,Q55509
Q42119508,Q55545
Q44699717,Q55525
Q52083453,Q55527
Q65064431,Q55515
Q76417782,Q55510
Q76417708,Q55531
Q83379675,Q55562
Q98103339,Q55557
Q104172729,Q55555
Q106906379,Q55486
Q108443961,Q55495
Q108442791,Q55506
Q111444263,Q55473
Q112600018,Q55544
Q115579845,Q55547
Q115930651,Q55551
Q780883,Q96590
Q16877483,Q96630
Q6766392,Q96582
Q7600484,Q96585
Q6662099,Q96571
Q16870051,Q96636
Q1925538,Q96608
Q122293,Q96597
Q19902005,Q96607
Q862931,Q96581
Q812126,Q96592
Q1394815,Q96539
Q1826030,Q96627
Q3866123,Q96615
Q5365455,Q96550
Q5530345,Q96547
Q5104371,Q96618
Q5088575,Q96632
Q6159497,Q96610
Q6947266,Q96599
Q16872454,Q96623
Q7626237,Q96557
Q8078739,Q96541
Q7859540,Q96600
Q23892444,Q96594
Q30091418,Q96569
Q11231408,Q96572
Q16274763,Q96576
Q16479380,Q96554
Q16870705,Q96540
Q16860379,Q96545
Q16870881,Q96555
Q16870532,Q96573
Q16869884,Q96575
Q16876875,Q96583
Q16870838,Q96601
Q36998955,Q96586
Q37497896,Q96549
Q17393034,Q96626
Q18431203,Q96546
Q18450645,Q96593
Q20996156,Q96567
Q21509898,Q96542
Q21508144,Q96543
Q21450745,Q96558
Q21484987,Q96564
Q21507589,Q96577
Q21475378,Q96598
Q21475341,Q96609
Q21511156,Q96612
Q21492192,Q96619
Q21513467,Q96620
Q21497969,Q96633
Q21507568,Q96634
Q22232134,Q96568
Q23305486,Q96602
Q24744042,Q96624
Q37515742,Q96604
Q28176585,Q96563
Q29014632,Q96584
Q29654330,Q96551
Q29652758,Q96556
Q29653177,Q96570
Q29824606,Q96629
Q37163627,Q96579
Q37430698,Q96548
Q37084708,Q96621
Q37550860,Q96552
Q37488572,Q96566
Q37574154,Q96565
Q37199043,Q96625
Q37112102,Q96637
Q37497287,Q96591
Q37492774,Q96603
Q37489924,Q96628
Q42177995,Q96605
Q47457532,Q96606
Q50177215,Q96616
Q55280644,Q96553
Q56484489,Q96544
Q61903433,Q96595
Q62894469,Q96587
Q65650530,Q96635
Q67500913,Q96561
Q68200493,Q96580
Q68924933,Q96631
Q70766972,Q96622
Q74587067,Q96614
Q76416996,Q96537
Q86477266,Q96578
Q94176626,Q96559
Q101097168,Q96560
Q101040595,Q96588
Q101096998,Q96617
Q104540294,Q96596
Q104540073,Q96611
Q105108002,Q96538
Q104838081,Q96589
Q105418240,Q96574
Q105979123,Q96613
Q1435795,Q54670
Q13553768,Q54726
Q14915266,Q54759
Q16479452,Q54764
Q302736,Q54743
Q1253044,Q54680
Q1528418,Q54678
Q1621139,Q54742
Q1753846,Q54721
Q21504801,Q54683
Q2659856,Q54765
Q5156276,Q54689
Q5166771,Q54690
Q4861847,Q54763
Q6421797,Q54754
Q6797626,Q54739
Q6947736,Q54755
Q10540111,Q54719
Q12794893,Q54688
Q13553921,Q54747
Q14565144,Q54723
Q15725997,Q54734
Q15730697,Q54745
Q16276271,Q54716
Q16256389,Q54735
Q16278935,Q54722
Q16391412,Q54741
Q16865385,Q54682
Q16869894,Q54681
Q16869673,Q54687
Q16865614,Q54697
Q16881317,Q54694
Q16870092,Q54727
Q16865801,Q54732
Q16881491,Q54724
Q16870404,Q54737
Q16873733,Q54749
Q16865871,Q54756
Q16879919,Q54761
Q16869963,Q54766
Q17770012,Q54762
Q18572439,Q54699
Q19776313,Q54676
Q20164199,Q54769
Q21428412,Q54685
Q21493417,Q54673
Q21511069,Q54672
Q21452647,Q54698
Q21513562,Q54700
Q21448105,Q54714
Q21450360,Q54717
Q21508013,Q54706
Q21431120,Q54740
Q21492369,Q54730
Q21494279,Q54736
Q25113620,Q54696
Q26710063,Q54671
Q26822085,Q54692
Q37193374,Q54675
Q27259557,Q54711
Q28056979,Q54713
Q28123755,Q54709
Q28651459,Q54715
Q29546682,Q54679
Q29818563,Q54712
Q30274564,Q54704
Q34154169,Q54708
Q36963839,Q54705
Q36986220,Q54702
Q37077639,Q54701
Q37465619,Q54684
Q37478695,Q54677
Q37540656,Q54686
Q37164217,Q54757
Q37538894,Q54748
Q37504233,Q54768
Q40487653,Q54718
Q41575640,Q54703
Q41811606,Q54746
Q42864897,Q54744
Q50377335,Q54731
Q54754502,Q54725
Q56538600,Q54674
Q56244864,Q54710
Q61702633,Q54752
Q65540095,Q54693
Q67130888,Q54767
Q76411353,Q54720
Q80702611,Q54738
Q81077473,Q54750
Q94143701,Q54751
Q99764178,Q54695
Q104803160,Q54691
Q104803082,Q54707
Q110328087,Q54733
Q110419264,Q54728
Q111584388,Q54760
Q112599035,Q54758
Q114498136,Q54729
Q115819240,Q54753
Q1166891,Q53766
Q2547568,Q53675
Q1354011,Q53750
Q16877461,Q53711
Q865841,Q53695
Q658676,Q53760
Q813701,Q53746
Q945123,Q53742
Q1158535,Q53737
Q1396751,Q53699
Q1270976,Q53723
Q1587003,Q53701
Q1371559,Q53762
Q2043296,Q53729
Q2658216,Q53688
Q3471405,Q53708
Q4321073,Q53713
Q4903672,Q53769
Q6394749,Q53716
Q6800449,Q53748
Q29405242,Q53724
Q12191165,Q53730
Q12664711,Q53734
Q13552095,Q53679
Q13360321,Q53736
Q13553818,Q53739
Q16869901,Q53745
Q14921982,Q53743
Q15730693,Q53728
Q16275880,Q53690
Q16479515,Q53706
Q16872445,Q53672
Q16876834,Q53684
Q16869513,Q53689
Q16869769,Q53691
Q16869986,Q53696
Q16860476,Q53712
Q16865824,Q53707
Q16877284,Q53710
Q16883933,Q53705
Q16880941,Q53715
Q16880832,Q53719
Q16871935,Q53735
Q16869651,Q53752
Q16882981,Q53753
Q16884106,Q53764
Q18229895,Q53721
Q18324584,Q53754
Q19802200,Q53744
Q21071761,Q53676
Q21482559,Q53704
Q21475516,Q53720
Q21491920,Q53731
Q21487231,Q53749
Q21498418,Q53747
Q21450328,Q53767
Q21488816,Q53770
Q21493270,Q53768
Q24229387,Q53680
Q26248376,Q53733
Q26772804,Q53738
Q27490773,Q53682
Q28199796,Q53741
Q28114624,Q53755
Q28169322,Q53757
Q28914423,Q53718
Q28946763,Q53709
Q29534458,Q53673
Q29179325,Q53725
Q29548283,Q53763
Q30584259,Q53702
Q30526462,Q53756
Q30669581,Q53761
Q35000044,Q53674
Q36924284,Q53681
Q36895491,Q53700
Q37040221,Q53694
Q37015761,Q53722
Q37077344,Q53727
Q37568097,Q53671
Q37451939,Q53693
Q37476928,Q53717
Q37181743,Q53759
Q37467018,Q53740
Q37328510,Q53765
Q42228997,Q53732
Q56245822,Q53703
Q56540938,Q53683
Q56540373,Q53686
Q57811124,Q53687
Q62083258,Q53758
Q67393179,Q53714
Q96478039,Q53685
Q97607927,Q53677
Q99360586,Q53692
Q99976033,Q53698
Q104537831,Q53678
Q106546203,Q53726
Q111729332,Q53697
Q112599354,Q53751
Q13571989,Q55604
Q14917162,Q55636
Q16865380,Q55608
Q1737707,Q55639
Q3323864,Q55619
Q5211022,Q55627
Q5617895,Q55615
Q26736456,Q55609
Q6772461,Q55599
Q6633271,Q55628
Q12294443,Q55575
Q12787061,Q55638
Q16882071,Q55603
Q15635680,Q55623
Q15780211,Q55620
Q16479784,Q55591
Q37536322,Q55594
Q16884656,Q55574
Q16870597,Q55605
Q16869897,Q55607
Q16876189,Q55616
Q16870646,Q55625
Q16865166,Q55634
Q16881900,Q55632
Q17284823,Q55622
Q18331448,Q55582
Q21493233,Q55571
Q21484988,Q55587
Q21492755,Q55585
Q21510350,Q55578
Q21449784,Q55617
Q21507302,Q55614
Q21508337,Q55613
Q21492205,Q55631
Q21507777,Q55642
Q22926516,Q55640
Q28913586,Q55570
Q28871536,Q55624
Q29359883,Q55606
Q29537158,Q55600
Q36899330,Q55586
Q36944636,Q55593
Q36996162,Q55581
Q37001852,Q55598
Q36922561,Q55643
Q37319973,Q55590
Q36950927,Q55637
Q37479060,Q55572
Q37518255,Q55589
Q37327556,Q55618
Q37542917,Q55596
Q37323949,Q55629
Q37546977,Q55611
Q37562149,Q55612
Q37479985,Q55635
Q39702025,Q55577
Q45374668,Q55579
Q47084927,Q55573
Q47505960,Q55576
Q51954867,Q55580
Q55042728,Q55602
Q54862611,Q55633
Q56244708,Q55592
Q56245836,Q55641
Q63347953,Q55595
Q63430908,Q55630
Q76793035,Q55588
Q94770856,Q55610
Q104873872,Q55584
Q105107959,Q55626
Q106065232,Q55583
Q106330716,Q55621
Q107124521,Q55644
Q108665184,Q55597
Q111242900,Q55601
Q1926724,Q72063
Q143129,Q72049
Q1319745,Q72064
Q1628851,Q72055
Q2253414,Q72070
Q7427805,Q72071
Q16870839,Q72047
Q16880618,Q72056
Q16869996,Q72067
Q21482644,Q72050
Q21492900,Q72052
Q21491163,Q72057
Q21487448,Q72058
Q28226321,Q72062
Q37847328,Q72068
Q37045405,Q72059
Q48979592,Q72054
Q99906110,Q72065
Q105128318,Q72051
Q106695612,Q72060
Q107228524,Q72069
Q108414711,Q72066
Q112595923,Q72061
Q115464774,Q72053
Q118128127,Q72048
Q16870567,Q97270
Q16277998,Q97256
Q811038,Q97269
Q21508916,Q97272
Q5147047,Q97264
Q11703657,Q97260
Q16865851,Q97257
Q16870191,Q97255
Q16869665,Q97276
Q16881206,Q97265
Q16870168,Q97277
Q16883900,Q97271
Q19520672,Q97248
Q28745135,Q97262
Q29440864,Q97263
Q30307229,Q97261
Q30525078,Q97253
Q37487454,Q97266
Q54211963,Q97278
Q58415458,Q97273
Q64737254,Q97274
Q66305881,Q97258
Q82012191,Q97250
Q95967552,Q97251
Q96478050,Q97267
Q105044833,Q97259
Q105748652,Q97252
Q105771020,Q97268
Q106402996,Q97249
Q112598947,Q97275
Q119760815,Q97247
Q13553584,Q102960
Q21489101,Q102942
Q21452224,Q102939
Q2648734,Q102907
Q29477197,Q102941
Q573375,Q102934
Q804886,Q102946
Q1397056,Q102938
Q1738213,Q102964
Q29471844,Q102953
Q2267859,Q102950
Q29857090,Q102951
Q4666340,Q102957
Q5640989,Q102924
Q37211208,Q102898
Q6678662,Q102923
Q10913593,Q102961
Q21446653,Q102929
Q16860288,Q102902
Q16811194,Q102945
Q16873408,Q102921
Q16860133,Q102937
Q16881051,Q102919
Q16869821,Q102936
Q16883455,Q102925
Q16869389,Q102949
Q17066693,Q102920
Q18398321,Q102906
Q18609095,Q102918
Q20726974,Q102944
Q20996050,Q102899
Q20671646,Q102959
Q21450401,Q102904
Q21491634,Q102896
Q21488623,Q102905
Q21449954,Q102928
Q21506816,Q102914
Q21501497,Q102927
Q21491669,Q102940
Q21497813,Q102952
Q21494095,Q102962
Q23038735,Q102963
Q25482420,Q102922
Q27208750,Q102917
Q28146517,Q102955
Q29787492,Q102912
Q29846067,Q102903
Q36878605,Q102948
Q36985631,Q102915
Q37086008,Q102916
Q37275794,Q102910
Q37308592,Q102911
Q37562754,Q102900
Q37569250,Q102931
Q56245760,Q102909
Q65050353,Q102947
Q84044439,Q102958
Q88873639,Q102897
Q93902251,Q102926
Q94176109,Q102901
Q94176228,Q102956
Q100276479,Q102908
Q114496633,Q102930
Q104540032,Q102913
Q105818036,Q102935
Q107551694,Q102954
Q111049439,Q102943
Q112692361,Q102932
Q116234371,Q102933
Q5139428,Q96725
Q9034815,Q96648
Q16479708,Q96654
Q4770786,Q96659
Q16029694,Q96649
Q13560071,Q96640
Q37052603,Q96644
Q1353715,Q96658
Q16877306,Q96665
Q1109134,Q96735
Q2255316,Q96669
Q2798180,Q96702
Q4143599,Q96684
Q4681464,Q96723
Q4726778,Q96730
Q5455667,Q96663
Q5567146,Q96650
Q5674052,Q96685
Q6801609,Q96641
Q6801474,Q96671
Q16865194,Q96698
Q27635577,Q96666
Q7121894,Q96740
Q27429773,Q96708
Q28654382,Q96667
Q12190467,Q96680
Q14915274,Q96721
Q16157416,Q96676
Q16249404,Q96731
Q16801456,Q96664
Q16865316,Q96660
Q16931192,Q96681
Q37122876,Q96653
Q16869921,Q96712
Q16871929,Q96728
Q16862906,Q96732
Q16883840,Q96736
Q37446421,Q96695
Q17983447,Q96705
Q20727136,Q96691
Q21502248,Q96652
Q37110067,Q96689
Q21452718,Q96677
Q21449568,Q96686
Q21504598,Q96687
Q21449556,Q96706
Q21508304,Q96729
Q23671238,Q96688
Q27889377,Q96701
Q28799875,Q96642
Q29052177,Q96697
Q29422451,Q96724
Q30129080,Q96711
Q37443891,Q96726
Q34981554,Q96679
Q36936693,Q96646
Q36854571,Q96682
Q37462466,Q96645
Q37106644,Q96709
Q37455224,Q96683
Q37480098,Q96656
Q37297645,Q96694
Q37202525,Q96733
Q37327114,Q96737
Q37506570,Q96720
Q38873282,Q96673
Q39838194,Q96727
Q41841178,Q96699
Q43372802,Q96643
Q47495497,Q96661
Q47509242,Q96657
Q47463486,Q96700
Q59201555,Q96713
Q51178375,Q96715
Q54878525,Q96690
Q56269307,Q96662
Q56244988,Q96716
Q56308620,Q96703
Q65111950,Q96647
Q65122064,Q96714
Q66580945,Q96719
Q76417957,Q96696
Q76754557,Q96738
Q98103401,Q96651
Q98406763,Q96668
Q99519032,Q96670
Q99905685,Q96678
Q100334179,Q96638
Q101500357,Q96655
Q104591741,Q96734
Q105253272,Q96692
Q105623169,Q96675
Q105717301,Q96674
Q105698320,Q96710
Q106352745,Q96718
Q106728913,Q96704
Q112977830,Q96717
Q115193490,Q96722
Q115729849,Q96639
Q115738601,Q96739
Q1703599,Q54779
Q15304085,Q54840
Q1586017,Q54865
Q16860308,Q54829
Q404721,Q54783
Q520045,Q54839
Q1258639,Q54799
Q884579,Q54856
Q1075033,Q54850
Q1622710,Q54803
Q1879671,Q54770
Q2133813,Q54774
Q2364643,Q54785
Q2136484,Q54833
Q5277182,Q54806
Q5749750,Q54818
Q6421372,Q54801
Q6723285,Q54771
Q6523320,Q54864
Q7071699,Q54802
Q7413145,Q54821
Q8038689,Q54773
Q10957683,Q54813
Q13560386,Q54844
Q13563379,Q54843
Q14193538,Q54790
Q15733778,Q54842
Q16281059,Q54784
Q16275873,Q54847
Q16479803,Q54836
Q16869701,Q54780
Q16865418,Q54782
Q16860619,Q54789
Q16865190,Q54794
Q16479596,Q54859
Q16871343,Q54814
Q16882578,Q54811
Q17144855,Q54791
Q16865780,Q54832
Q16870144,Q54835
Q16860531,Q54846
Q16870003,Q54848
Q16870847,Q54854
Q16869652,Q54862
Q16877298,Q54860
Q16869949,Q54866
Q18844248,Q54851
Q20727163,Q54820
Q20995766,Q54817
Q21450278,Q54775
Q21509249,Q54778
Q21511598,Q54776
Q21430730,Q54787
Q21448928,Q54795
Q21450864,Q54807
Q21487449,Q54796
Q21492182,Q54792
Q21508672,Q54800
Q21492754,Q54810
Q21482987,Q54831
Q21492110,Q54857
Q21513104,Q54852
Q21448121,Q54858
Q21476709,Q54861
Q23644118,Q54819
Q23781093,Q54868
Q24085427,Q54841
Q27237386,Q54786
Q28169256,Q54816
Q28226148,Q54808
Q28920180,Q54830
Q29573922,Q54815
Q29628353,Q54822
Q30141640,Q54863
Q36932105,Q54781
Q36957573,Q54804
Q36922003,Q54812
Q37037849,Q54834
Q37201455,Q54828
Q37548995,Q54797
Q37210654,Q54845
Q37445617,Q54809
Q37513817,Q54827
Q37439152,Q54837
Q37461916,Q54849
Q37474313,Q54855
Q37555724,Q54867
Q47086512,Q54826
Q47533048,Q54823
Q53991077,Q54853
Q58207417,Q54798
Q59554041,Q54788
Q60168236,Q54869
Q61485517,Q54793
Q65113293,Q54838
Q99911805,Q54805
Q105418238,Q54777
Q106358413,Q54825
Q112591730,Q54824
Q114157804,Q54772
Q1631308,Q53808
Q12035675,Q53777
Q11247279,Q53780
Q101978,Q53812
Q686223,Q53797
Q20748938,Q53828
Q790638,Q53814
Q1158605,Q53789
Q805107,Q53843
Q1266539,Q53792
Q892439,Q53862
Q2408695,Q53810
Q2702454,Q53796
Q2326235,Q53850
Q2665316,Q53837
Q2780460,Q53827
Q2720681,Q53847
Q5242796,Q53855
Q5405444,Q53842
Q5506253,Q53853
Q16282271,Q53870
Q16870903,Q53829
Q7607597,Q53860
Q11158094,Q53802
Q12192297,Q53822
Q12678727,Q53778
Q12790801,Q53861
Q13382481,Q53791
Q13570075,Q53776
Q13219396,Q53856
Q15731758,Q53773
Q16036532,Q53793
Q15731571,Q53866
Q15897998,Q53838
Q19691540,Q53795
Q16275813,Q53825
Q16870500,Q53785
Q16877148,Q53779
Q16872414,Q53784
Q16883169,Q53775
Q16877399,Q53783
Q16871372,Q53790
Q16886993,Q53786
Q16877603,Q53799
Q16840485,Q53807
Q16865351,Q53818
Q16865886,Q53821
Q16883888,Q53820
Q16865517,Q53833
Q16870052,Q53835
Q16833399,Q53851
Q16872338,Q53858
Q16865687,Q53869
Q16870856,Q53867
Q19607256,Q53839
Q19983536,Q53817
Q37260667,Q53819
Q20519374,Q53836
Q20997637,Q53806
Q20997880,Q53831
Q21450728,Q53798
Q21489018,Q53782
Q21507072,Q53774
Q21493186,Q53813
Q21450967,Q53823
Q21446197,Q53834
Q21488002,Q53844
Q21450926,Q53864
Q21504780,Q53859
Q24037059,Q53863
Q27966336,Q53846
Q27252577,Q53811
Q27870052,Q53781
Q27926133,Q53801
Q28008466,Q53815
Q28912419,Q53848
Q28968047,Q53865
Q29572867,Q53800
Q30069423,Q53845
Q33129426,Q53826
Q37502595,Q53868
Q34019654,Q53804
Q36936417,Q53809
Q36900293,Q53852
Q36857279,Q53854
Q37222752,Q53832
Q41783627,Q53830
Q47513887,Q53841
Q50127844,Q53772
Q56538126,Q53771
Q56244376,Q53816
Q56538535,Q53794
Q58620668,Q53840
Q61694947,Q53824
Q76513722,Q53803
Q83346929,Q53787
Q88259484,Q53857
Q97224576,Q53788
Q106485921,Q53849
Q112679216,Q53805
Q1739021,Q54904
Q13583397,Q54947
Q16865942,Q54939
Q21484916,Q54872
Q1178508,Q54881
Q1128028,Q54945
Q2252509,Q54894
Q2159662,Q54953
Q23542895,Q54887
Q4976588,Q54876
Q5039154,Q54920
Q5288876,Q54891
Q5264890,Q54930
Q5415988,Q54909
Q5637272,Q54880
Q5874284,Q54870
Q6007110,Q54928
Q6710268,Q54962
Q7205468,Q54934
Q7655921,Q54907
Q7593634,Q54918
Q7621647,Q54938
Q7652992,Q54959
Q13647280,Q54871
Q13560488,Q54932
Q15297160,Q54905
Q16036681,Q54916
Q16479542,Q54898
Q16479525,Q54910
Q16463049,Q54923
Q16872006,Q54878
Q16883186,Q54874
Q16479438,Q54950
Q16833416,Q54901
Q16860056,Q54908
Q16870445,Q54911
Q16883818,Q54912
Q16865566,Q54921
Q16870507,Q54922
Q16880507,Q54924
Q16880804,Q54925
Q16860480,Q54941
Q16870181,Q54940
Q16870382,Q54942
Q16869892,Q54946
Q16865591,Q54948
Q16869829,Q54960
Q16871376,Q54961
Q16865670,Q54969
Q16908673,Q54957
Q19768404,Q54931
Q19902078,Q54913
Q20739320,Q54954
Q20995659,Q54936
Q21483068,Q54875
Q20997511,Q54955
Q21491468,Q54883
Q21493098,Q54886
Q21450971,Q54893
Q21493003,Q54892
Q21452003,Q54902
Q21508274,Q54896
Q21482525,Q54919
Q21493583,Q54914
Q21493468,Q54933
Q21493044,Q54949
Q21450326,Q54958
Q21500897,Q54952
Q21492002,Q54963
Q21508055,Q54967
Q21511578,Q54966
Q27450686,Q54877
Q27680785,Q54906
Q27898982,Q54929
Q28089667,Q54915
Q28199939,Q54965
Q29555593,Q54903
Q29535916,Q54937
Q29477585,Q54956
Q30433557,Q54897
Q33129595,Q54927
Q37016536,Q54895
Q37450937,Q54889
Q37484904,Q54890
Q37447758,Q54900
Q37451091,Q54899
Q37554058,Q54917
Q37496064,Q54944
Q37541102,Q54935
Q37503466,Q54964
Q40372831,Q54951
Q44553043,Q54926
Q54871563,Q54884
Q57705455,Q54888
Q64784907,Q54882
Q73643167,Q54885
Q96479017,Q54873
Q105305612,Q54879
Q108156643,Q54943
Q46767,Q54968
Q16275674,Q72164
Q16883856,Q72172
Q18019966,Q72135
Q735211,Q72093
Q1348074,Q72086
Q1726852,Q72150
Q1903487,Q72166
Q4731198,Q72098
Q4868723,Q72130
Q4980756,Q72132
Q28136388,Q72084
Q5195197,Q72140
Q5609136,Q72119
Q5435990,Q72141
Q6745623,Q72072
Q6802779,Q72097
Q6699604,Q72174
Q8033843,Q72139
Q14704293,Q72151
Q15616682,Q72091
Q12806950,Q72104
Q13552156,Q72087
Q14372181,Q72124
Q37022912,Q72094
Q16276568,Q72088
Q16860302,Q72073
Q16869973,Q72080
Q16869703,Q72085
Q16860383,Q72090
Q16870901,Q72089
Q16871330,Q72101
Q16869467,Q72106
Q16869519,Q72113
Q17066584,Q72092
Q16872303,Q72133
Q16865428,Q72148
Q16870631,Q72146
Q16869721,Q72158
Q16865846,Q72160
Q16865558,Q72170
Q16881860,Q72175
Q18324629,Q72121
Q18987420,Q72155
Q20379143,Q72108
Q21494018,Q72075
Q20996489,Q72162
Q21446387,Q72103
Q21489076,Q72095
Q21493038,Q72115
Q21491465,Q72120
Q21508519,Q72109
Q21475338,Q72125
Q21493413,Q72122
Q21511982,Q72123
Q21493282,Q72154
Q21430919,Q72171
Q21492307,Q72168
Q21493670,Q72173
Q24801143,Q72107
Q25114442,Q72129
Q27365901,Q72076
Q27094683,Q72149
Q28123641,Q72099
Q28752868,Q72110
Q29921867,Q72165
Q37571583,Q72116
Q37050737,Q72134
Q36980066,Q72136
Q37083342,Q72131
Q37101605,Q72128
Q36924265,Q72156
Q36897177,Q72169
Q37541579,Q72074
Q37452615,Q72100
Q37551338,Q72082
Q37265568,Q72142
Q37283770,Q72137
Q37304793,Q72152
Q37549525,Q72145
Q37505377,Q72159
Q37495467,Q72167
Q47472199,Q72126
Q54622354,Q72117
Q56541244,Q72157
Q58411962,Q72081
Q58409680,Q72138
Q64149011,Q72083
Q65104592,Q72077
Q81645941,Q72078
Q108117670,Q72147
Q95153939,Q72102
Q98105968,Q72079
Q98102763,Q72114
Q98103363,Q72127
Q102342261,Q72161
Q106070078,Q72111
Q112596088,Q72163
Q113990110,Q72153
Q111457458,Q72112
Q118059070,Q72096
Q2109026,Q103006
Q17143287,Q103025
Q16884654,Q102974
Q16290923,Q103014
Q37096198,Q103037
Q37085529,Q103005
Q5178859,Q102996
Q7333038,Q103026
Q1795948,Q102978
Q4918966,Q102979
Q5168882,Q102977
Q5338977,Q102965
Q4948555,Q103040
Q5244793,Q103016
Q6803504,Q102980
Q16871088,Q102987
Q16870774,Q103050
Q37140528,Q102986
Q13557582,Q103041
Q14625000,Q102995
Q14947294,Q103022
Q16869754,Q102967
Q16275610,Q103062
Q16869923,Q102984
Q16884133,Q102994
Q16479870,Q103057
Q17053995,Q102973
Q16882159,Q103002
Q16941434,Q102990
Q16881014,Q103010
Q16989626,Q103011
Q16920502,Q103031
Q16869642,Q103044
Q16739657,Q103064
Q18599200,Q103021
Q20064805,Q103046
Q37536602,Q103033
Q37451765,Q103042
Q20743342,Q102997
Q28150677,Q103045
Q21488890,Q102972
Q21476736,Q102976
Q21489069,Q102992
Q21449583,Q103000
Q21491979,Q103004
Q21484687,Q103015
Q21475237,Q103027
Q21488355,Q103028
Q21508614,Q103030
Q21510825,Q103038
Q21494570,Q103051
Q21489032,Q103054
Q21491742,Q103056
Q21492910,Q103063
Q24085352,Q102981
Q26986600,Q102983
Q27614787,Q103052
Q28226295,Q102985
Q29575557,Q103035
Q33129423,Q103019
Q35829868,Q102982
Q37003667,Q102988
Q37133783,Q102968
Q37011198,Q102999
Q37280015,Q102971
Q36946767,Q103034
Q37076496,Q103020
Q37197028,Q103017
Q37569259,Q102966
Q37542665,Q102975
Q37545115,Q103029
Q37507115,Q103043
Q37565275,Q103058
Q41532948,Q103048
Q41581925,Q103053
Q41793125,Q103036
Q42417255,Q103032
Q55984158,Q103001
Q56244535,Q102970
Q56537885,Q102998
Q56540205,Q103047
Q59195311,Q103013
Q59651660,Q103023
Q61984028,Q103009
Q65111770,Q103049
Q65087680,Q103061
Q75728340,Q102991
Q94572802,Q103012
Q98212780,Q102993
Q101250951,Q103003
Q101248069,Q103055
Q106352698,Q102989
Q106627293,Q102969
Q107449392,Q103018
Q108501283,Q103059
Q112589541,Q103007
Q112594902,Q103008
Q112589871,Q103039
Q112590078,Q103060
Q113495620,Q103024
Q6850912,Q96766
Q16877481,Q96759
Q14038466,Q96795
Q37059326,Q96830
Q37476325,Q96742
Q19014728,Q96793
Q645719,Q96754
Q1158224,Q96741
Q1390156,Q96790
Q1521106,Q96813
Q1438720,Q96835
Q4841539,Q96758
Q5072648,Q96765
Q5131850,Q96827
Q5455732,Q96789
Q5638032,Q96821
Q9177365,Q96800
Q11215365,Q96776
Q11003143,Q96838
Q13553637,Q96833
Q12796187,Q96832
Q16883410,Q96751
Q16882027,Q96772
Q16860474,Q96777
Q16865701,Q96791
Q16867820,Q96796
Q16825912,Q96823
Q16880726,Q96842
Q18210524,Q96841
Q20819840,Q96767
Q21488891,Q96743
Q21512270,Q96745
Q21449179,Q96757
Q21493576,Q96748
Q21502260,Q96755
Q21488069,Q96769
Q21449345,Q96778
Q21449239,Q96783
Q21506781,Q96780
Q21510822,Q96785
Q21491274,Q96799
Q21492211,Q96820
Q21653550,Q96805
Q22084867,Q96836
Q25114931,Q96762
Q24957539,Q96801
Q28807009,Q96786
Q29833453,Q96792
Q30136229,Q96834
Q36955457,Q96747
Q37125751,Q96753
Q36934257,Q96839
Q36873107,Q96806
Q37046081,Q96787
Q37116327,Q96807
Q37527898,Q96756
Q37516500,Q96773
Q37571712,Q96775
Q37322225,Q96814
Q37328412,Q96817
Q37548228,Q96824
Q37492020,Q96840
Q41033045,Q96752
Q41660685,Q96797
Q41785644,Q96802
Q41712222,Q96831
Q47008677,Q96794
Q47007908,Q96803
Q54577731,Q96798
Q59196642,Q96825
Q61330488,Q96770
Q62661607,Q96784
Q63350692,Q96808
Q65061021,Q96809
Q65679823,Q96812
Q74262000,Q96788
Q76421631,Q96815
Q76513982,Q96804
Q83369942,Q96837
Q86009388,Q96822
Q88458721,Q96768
Q94956053,Q96763
Q99910106,Q96749
Q100274712,Q96774
Q101243618,Q96750
Q104803029,Q96744
Q105180766,Q96760
Q105201655,Q96782
Q105496611,Q96761
Q105181156,Q96826
Q105548692,Q96771
Q105139634,Q96828
Q105701170,Q96764
Q105612091,Q96810
Q105701477,Q96818
Q111836733,Q96811
Q105980987,Q96816
Q106264111,Q96829
Q106695757,Q96819
Q111476548,Q96781
Q16865154,Q53953
Q383113,Q53899
Q669368,Q53882
Q909257,Q53888
Q696647,Q53922
Q1158382,Q53885
Q1019694,Q53930
Q1002298,Q53946
Q1677404,Q53874
Q1324005,Q53939
Q1158558,Q53964
Q1407594,Q53942
Q1427982,Q53947
Q2581264,Q53889
Q2594455,Q53900
Q2588593,Q53969
Q4442389,Q53924
Q4955690,Q53901
Q5455522,Q53887
Q7487885,Q53904
Q16064038,Q53916
Q15788891,Q53965
Q16274967,Q53910
Q16479457,Q53893
Q16390438,Q53902
Q16275858,Q53958
Q16275175,Q53961
Q16865467,Q53872
Q16883238,Q53873
Q16865964,Q53891
Q16883017,Q53897
Q16869667,Q53913
Q16829670,Q53940
Q16833671,Q53936
Q16864381,Q53934
Q16865943,Q53943
Q16881917,Q53962
Q17864440,Q53941
Q18607854,Q53898
Q19902217,Q53963
Q20155848,Q53960
Q20909610,Q53880
Q20995677,Q53883
Q20997766,Q53886
Q20727054,Q53954
Q20996042,Q53935
Q21488819,Q53875
Q21492478,Q53894
Q21502225,Q53895
Q21449065,Q53908
Q21448962,Q53917
Q21492989,Q53915
Q21509473,Q53927
Q21487372,Q53928
Q21487785,Q53932
Q21450536,Q53945
Q21489066,Q53951
Q21510474,Q53967
Q22812450,Q53956
Q23301833,Q53905
Q24805118,Q53877
Q24688281,Q53923
Q25417337,Q53896
Q25174340,Q53966
Q27182605,Q53952
Q28194312,Q53884
Q28146179,Q53914
Q28083289,Q53955
Q28226242,Q53950
Q28833711,Q53937
Q29002296,Q53926
Q29439542,Q53907
Q29559639,Q53938
Q36889544,Q53871
Q36862686,Q53881
Q36981220,Q53892
Q37092948,Q53878
Q36977718,Q53912
Q37163938,Q53890
Q37091866,Q53909
Q37067422,Q53921
Q37302558,Q53906
Q37431623,Q53911
Q37325798,Q53919
Q37230467,Q53933
Q37086475,Q53968
Q37503643,Q53918
Q37559216,Q53931
Q37865030,Q53948
Q47092476,Q53920
Q55163415,Q53949
Q59954132,Q53959
Q61677917,Q53879
Q68729720,Q53944
Q100870815,Q53929
Q102300242,Q53903
Q104832462,Q53925
Q111045976,Q53957
Q113245454,Q53876
Q1437477,Q55020
Q4280567,Q55062
Q16870611,Q54994
Q16870893,Q55006
Q203052,Q55041
Q1821838,Q54985
Q1491359,Q55055
Q2170749,Q55015
Q4808110,Q55008
Q21484663,Q55049
Q4999069,Q55029
Q5561438,Q55022
Q6723283,Q55054
Q7699872,Q54971
Q13377616,Q54973
Q13725587,Q55007
Q16479897,Q55044
Q14915265,Q55012
Q14915269,Q55019
Q14921544,Q55048
Q15730695,Q55063
Q16245895,Q55004
Q16479685,Q54989
Q16282084,Q55042
Q16860438,Q54974
Q16359986,Q55067
Q16865901,Q54982
Q16877606,Q54991
Q16479578,Q55053
Q16865253,Q55005
Q16876579,Q55003
Q16865201,Q55011
Q16869414,Q55018
Q16870910,Q55017
Q16876171,Q55014
Q16865897,Q55030
Q16882200,Q55031
Q16860144,Q55037
Q16865841,Q55035
Q16865623,Q55038
Q16865821,Q55040
Q16880979,Q55045
Q16872087,Q55065
Q18187697,Q55009
Q19385118,Q55046
Q21431135,Q54976
Q21449909,Q54981
Q21452348,Q54984
Q21449457,Q54990
Q21493272,Q54972
Q21492090,Q54975
Q21494299,Q54993
Q21511687,Q54996
Q21492050,Q54997
Q21449291,Q55024
Q21482992,Q55032
Q21508567,Q55023
Q21493109,Q55043
Q21502261,Q55039
Q21508494,Q55036
Q21500594,Q55047
Q21506751,Q55057
Q21498320,Q55068
Q23597719,Q55059
Q23747949,Q55050
Q24293557,Q55058
Q28194320,Q54999
Q28084164,Q55026
Q28868754,Q55001
Q29470680,Q55060
Q30669503,Q55034
Q36950150,Q54970
Q36888391,Q54992
Q37206136,Q55000
Q37435197,Q54983
Q37473584,Q54988
Q37503284,Q54980
Q37285968,Q55010
Q37530708,Q54978
Q37525492,Q54995
Q37525675,Q55013
Q37474823,Q55028
Q37434029,Q55061
Q37446356,Q55051
Q37513674,Q55056
Q40080772,Q54979
Q40976406,Q54998
Q43732176,Q55064
Q44647548,Q55069
Q52423202,Q55052
Q54235418,Q55066
Q56244139,Q54987
Q56244712,Q55016
Q56705720,Q55027
Q63350684,Q54977
Q65648434,Q55002
Q70212706,Q55021
Q91019115,Q55025
Q94176236,Q54986
Q112600422,Q55033
Q4793554,Q103139
Q29763530,Q103096
Q21493798,Q103163
Q24450548,Q103135
Q4973144,Q103105
Q29811687,Q103071
Q21500481,Q103095
Q16876610,Q103142
Q27636185,Q103146
Q2662113,Q103088
Q21450485,Q103086
Q6800257,Q103078
Q7488820,Q103083
Q7814374,Q103104
Q21450388,Q103117
Q8001599,Q103159
Q16869409,Q103158
Q16870850,Q103076
Q15916932,Q103074
Q15635405,Q103123
Q16871760,Q103073
Q16871817,Q103082
Q16875700,Q103079
Q16833414,Q103116
Q16883671,Q103109
Q16865449,Q103120
Q16851813,Q103125
Q16876847,Q103157
Q16939223,Q103138
Q17144145,Q103152
Q19797955,Q103148
Q37437150,Q103126
Q21044587,Q103075
Q21452595,Q103070
Q21449933,Q103090
Q21512241,Q103093
Q21483061,Q103101
Q21487454,Q103100
Q21509580,Q103098
Q21450400,Q103113
Q21509802,Q103108
Q21475212,Q103124
Q21449535,Q103143
Q21450257,Q103145
Q21508335,Q103134
Q21509177,Q103154
Q25303577,Q103147
Q27208296,Q103081
Q28037769,Q103114
Q28152955,Q103097
Q30525149,Q103072
Q37112834,Q103092
Q36914799,Q103067
Q37092326,Q103066
Q37318310,Q103065
Q36901230,Q103131
Q36858204,Q103141
Q37049099,Q103119
Q36961033,Q103137
Q37298194,Q103089
Q37314842,Q103087
Q37211822,Q103115
Q37209160,Q103132
Q37172590,Q103140
Q37503654,Q103099
Q37523201,Q103151
Q37555651,Q103149
Q39212685,Q103102
Q41686797,Q103103
Q41581952,Q103128
Q47396338,Q103129
Q52159867,Q103144
Q53053500,Q103094
Q53921732,Q103156
Q56245861,Q103084
Q56538379,Q103111
Q56244544,Q103164
Q56546703,Q103162
Q57251022,Q103121
Q63726823,Q103085
Q66823513,Q103091
Q67196919,Q103136
Q88053335,Q103106
Q89659540,Q103077
Q93379338,Q103068
Q100263145,Q103161
Q101034966,Q103107
Q105358252,Q103110
Q106114251,Q103069
Q112599557,Q103112
Q107563536,Q103150
Q108703875,Q103165
Q112599179,Q103127
Q112595988,Q103160
Q114413766,Q103133
Q115236811,Q103118
Q115118154,Q103153
Q115867888,Q103155
Q117486020,Q103080
Q117492019,Q103130
Q16865540,Q72202
Q318363,Q72242
Q21488976,Q72238
Q2156271,Q72189
Q4771950,Q72223
Q351735,Q72248
Q5263823,Q72186
Q1158188,Q72218
Q1207872,Q72243
Q1668082,Q72192
Q1485942,Q72260
Q1890633,Q72276
Q5511177,Q72197
Q7236981,Q72198
Q7158278,Q72213
Q7569068,Q72277
Q13367920,Q72179
Q11790649,Q72225
Q16479526,Q72244
Q17119399,Q72180
Q16871009,Q72233
Q16742085,Q72269
Q18755447,Q72258
Q37548826,Q72253
Q15138573,Q72199
Q20635316,Q72208
Q16865951,Q72187
Q16870816,Q72183
Q16479519,Q72249
Q16883703,Q72195
Q16860319,Q72210
Q16883776,Q72206
Q16881259,Q72211
Q16860341,Q72219
Q16860189,Q72235
Q16880573,Q72222
Q16869936,Q72241
Q16882608,Q72232
Q21449044,Q72226
Q21507199,Q72209
Q16865668,Q72259
Q16865892,Q72264
Q16883647,Q72275
Q17125502,Q72247
Q19540914,Q72272
Q20995742,Q72224
Q21492185,Q72176
Q21489135,Q72194
Q21507572,Q72196
Q21450569,Q72212
Q21507512,Q72214
Q21489048,Q72221
Q21507386,Q72236
Q21450815,Q72246
Q21452543,Q72254
Q21454127,Q72256
Q21493472,Q72245
Q21449910,Q72270
Q23038861,Q72215
Q25113597,Q72203
Q25197428,Q72182
Q25305363,Q72181
Q25113964,Q72230
Q25114810,Q72239
Q25114226,Q72267
Q27869284,Q72188
Q27988862,Q72227
Q28006900,Q72231
Q28452655,Q72177
Q28408112,Q72240
Q28404483,Q72257
Q30171715,Q72261
Q37124988,Q72234
Q37071906,Q72229
Q36924818,Q72265
Q36884095,Q72273
Q37534043,Q72191
Q37475032,Q72207
Q37124451,Q72271
Q37440724,Q72237
Q37546747,Q72204
Q37171390,Q72262
Q37470275,Q72228
Q37466239,Q72250
Q37517329,Q72251
Q37441335,Q72263
Q37464129,Q72266
Q42958169,Q72178
Q43101258,Q72185
Q47835319,Q72255
Q48979861,Q72193
Q55609315,Q72268
Q83898567,Q72252
Q65728502,Q72205
Q65769129,Q72217
Q90836762,Q72274
Q94652327,Q72190
Q98280316,Q72220
Q105101556,Q72200
Q114242061,Q72216
Q813422,Q55118
Q2792882,Q55168
Q428024,Q55082
Q16869877,Q55132
Q1180676,Q55119
Q1131237,Q55147
Q1797561,Q55085
Q5070535,Q55103
Q4903669,Q55101
Q4953163,Q55107
Q5003926,Q55127
Q5318861,Q55126
Q6394420,Q55124
Q11790730,Q55136
Q12573029,Q55135
Q13560243,Q55112
Q13573116,Q55169
Q16881847,Q55070
Q16479630,Q55131
Q16870183,Q55104
Q16878034,Q55097
Q16869750,Q55111
Q16739722,Q55120
Q17064726,Q55086
Q17122937,Q55110
Q16860388,Q55125
Q16881255,Q55133
Q16865678,Q55144
Q16865858,Q55145
Q16875539,Q55167
Q37233173,Q55121
Q19902342,Q55073
Q21494358,Q55080
Q19767733,Q55154
Q20995726,Q55094
Q21507037,Q55074
Q21475421,Q55105
Q21488824,Q55093
Q21449778,Q55122
Q21451035,Q55148
Q21448885,Q55155
Q21513011,Q55140
Q21492126,Q55146
Q21491712,Q55158
Q21508584,Q55165
Q23718991,Q55095
Q23780632,Q55166
Q24707465,Q55087
Q25114225,Q55130
Q25114607,Q55151
Q27037180,Q55156
Q27675797,Q55141
Q27631922,Q55157
Q28157148,Q55088
Q28199867,Q55161
Q29052042,Q55117
Q29508183,Q55091
Q29791781,Q55153
Q30078418,Q55160
Q30435610,Q55163
Q30779646,Q55143
Q37179084,Q55077
Q36975117,Q55098
Q37205709,Q55079
Q36981024,Q55109
Q37042198,Q55102
Q37173588,Q55081
Q37208095,Q55099
Q36955247,Q55128
Q37053783,Q55114
Q37297980,Q55084
Q37286168,Q55106
Q37017071,Q55138
Q36924077,Q55164
Q37258539,Q55123
Q37165547,Q55162
Q37537100,Q55115
Q37563686,Q55134
Q37473587,Q55150
Q37571731,Q55142
Q38201896,Q55149
Q38847247,Q55108
Q41584937,Q55137
Q53189956,Q55159
Q54856331,Q55071
Q55385296,Q55129
Q56246443,Q55072
Q56243856,Q55076
Q56245094,Q55096
Q56540565,Q55139
Q62024943,Q55113
Q65098555,Q55100
Q69876151,Q55152
Q84022255,Q55075
Q83896210,Q55092
Q87395511,Q55090
Q100151840,Q55083
Q105253634,Q55078
Q107015829,Q55116
Q112591957,Q55089
Q4097411,Q96876
Q21501740,Q96930
Q6855804,Q96916
Q30315483,Q96938
Q16833343,Q96845
Q16865575,Q96926
Q436862,Q96866
Q1435352,Q96882
Q2649248,Q96875
Q5073230,Q96848
Q4902996,Q96902
Q5264899,Q96893
Q5509727,Q96896
Q7139729,Q96865
Q7321770,Q96925
Q7563974,Q96944
Q28648920,Q96924
Q21506897,Q96894
Q15947790,Q96849
Q16870698,Q96927
Q16870882,Q96850
Q16865388,Q96858
Q16869814,Q96867
Q16861249,Q96885
Q16865433,Q96901
Q16876728,Q96920
Q16876632,Q96931
Q21475411,Q96851
Q21509525,Q96868
Q21493183,Q96871
Q21497983,Q96869
Q21507704,Q96870
Q21482910,Q96877
Q21497045,Q96883
Q21482735,Q96886
Q21509134,Q96928
Q21450494,Q96909
Q21507974,Q96897
Q21481560,Q96913
Q23304595,Q96898
Q25113739,Q96911
Q26703382,Q96852
Q29582288,Q96929
Q29841079,Q96904
Q30315237,Q96862
Q33869599,Q96942
Q56229157,Q96888
Q36898983,Q96881
Q36913325,Q96887
Q37026767,Q96874
Q37027791,Q96907
Q36933942,Q96932
Q37537853,Q96843
Q37530086,Q96859
Q37062668,Q96933
Q37571771,Q96873
Q37484532,Q96890
Q37436604,Q96912
Q37563573,Q96910
Q60400985,Q96905
Q42062828,Q96846
Q42964544,Q96908
Q47304289,Q96917
Q47514474,Q96899
Q47899292,Q96844
Q54869283,Q96853
Q54640460,Q96943
Q55644164,Q96939
Q56245333,Q96863
Q56245808,Q96864
Q56245637,Q96900
Q56538692,Q96940
Q57812330,Q96891
Q58412926,Q96941
Q74878633,Q96880
Q65028013,Q96892
Q66107598,Q96935
Q83376860,Q96921
Q93919896,Q96884
Q94176225,Q96860
Q98924088,Q96854
Q100275718,Q96906
Q100270462,Q96936
Q102704884,Q96855
Q104595771,Q96889
Q104854616,Q96895
Q105107555,Q96878
Q105532661,Q96879
Q105984651,Q96937
Q107137961,Q96856
Q107568000,Q96847
Q108715463,Q96934
Q109918518,Q96915
Q111371984,Q96861
Q112599847,Q96923
Q112600784,Q96922
Q113588000,Q96918
Q114242047,Q96872
Q114556223,Q96857
Q116784065,Q96919
Q1043021,Q103191
Q29476908,Q103244
Q354330,Q103197
Q717770,Q103196
Q804988,Q103190
Q981390,Q103206
Q1075571,Q103199
Q1328556,Q103178
Q1471443,Q103173
Q1800738,Q103240
Q2233698,Q103195
Q2420245,Q103252
Q4842036,Q103232
Q5104369,Q103229
Q5179628,Q103227
Q5141100,Q103249
Q5558686,Q103214
Q6694178,Q103234
Q7272031,Q103185
Q17035662,Q103248
Q37450609,Q103217
Q12806370,Q103171
Q15052031,Q103238
Q15945695,Q103175
Q16290335,Q103183
Q16101801,Q103261
Q16865725,Q103169
Q16869716,Q103166
Q16882273,Q103198
Q16870703,Q103202
Q16968788,Q103186
Q17142130,Q103184
Q16870078,Q103247
Q16874739,Q103243
Q18746432,Q103200
Q18949110,Q103258
Q19607239,Q103233
Q21428344,Q103170
Q21450128,Q103192
Q21491580,Q103189
Q21493314,Q103203
Q21508744,Q103204
Q21513062,Q103209
Q21507423,Q103218
Q21510091,Q103219
Q21508461,Q103221
Q21491707,Q103239
Q21507958,Q103235
Q21493073,Q103245
Q21491594,Q103264
Q21510758,Q103263
Q21481544,Q103266
Q26212880,Q103241
Q28194334,Q103237
Q28540155,Q103224
Q28933273,Q103168
Q28736550,Q103230
Q28886884,Q103226
Q37006278,Q103222
Q29652806,Q103225
Q30315620,Q103167
Q30435083,Q103213
Q31046554,Q103267
Q37464090,Q103174
Q37557180,Q103176
Q37553488,Q103187
Q37525059,Q103205
Q37195337,Q103255
Q37562405,Q103228
Q37556368,Q103242
Q37468376,Q103265
Q41784300,Q103210
Q42380673,Q103194
Q43269854,Q103251
Q43372710,Q103259
Q47760709,Q103260
Q48980212,Q103182
Q54860155,Q103180
Q55983763,Q103231
Q55989298,Q103236
Q56244892,Q103211
Q57585945,Q103201
Q57513876,Q103254
Q65329742,Q103193
Q66685346,Q103216
Q74262362,Q103208
Q94176495,Q103212
Q99539147,Q103177
Q99604719,Q103262
Q101084926,Q103246
Q105532956,Q103223
Q106030677,Q103257
Q106542038,Q103179
Q106901222,Q103207
Q109658516,Q103172
Q112600807,Q103188
Q112247413,Q103253
Q113701994,Q103220
Q119496185,Q103215
Q120089740,Q103250
Q16871827,Q72305
Q20895162,Q72337
Q2754726,Q72303
Q812916,Q72295
Q899041,Q72336
Q2652654,Q72279
Q5318681,Q72364
Q7205224,Q72312
Q7225693,Q72313
Q7802820,Q72309
Q7618300,Q72381
Q8030347,Q72371
Q13554166,Q72314
Q13570390,Q72340
Q10989264,Q72316
Q16279190,Q72342
Q16869832,Q72350
Q18810214,Q72368
Q15049956,Q72352
Q16276773,Q72297
Q16258147,Q72367
Q16870302,Q72285
Q16871302,Q72306
Q16871902,Q72317
Q16876828,Q72327
Q21507357,Q72299
Q21450237,Q72331
Q16738572,Q72365
Q16880907,Q72341
Q16884868,Q72353
Q16872536,Q72359
Q16881485,Q72356
Q16880625,Q72357
Q16878761,Q72366
Q16871334,Q72376
Q16883403,Q72370
Q22122844,Q72345
Q19902569,Q72307
Q19929666,Q72329
Q20997002,Q72304
Q21491109,Q72282
Q21492914,Q72281
Q21513038,Q72288
Q21509317,Q72298
Q21452108,Q72332
Q21482742,Q72319
Q21484851,Q72328
Q21507477,Q72318
Q21507065,Q72354
Q21484852,Q72363
Q21511152,Q72360
Q21448931,Q72375
Q21497995,Q72380
Q26736674,Q72330
Q37553660,Q72351
Q27988694,Q72278
Q28114572,Q72284
Q28806951,Q72293
Q28402529,Q72346
Q29549907,Q72290
Q29601504,Q72315
Q56618258,Q72326
Q36970983,Q72377
Q36890167,Q72302
Q36942432,Q72291
Q36947349,Q72300
Q36966265,Q72296
Q37129612,Q72283
Q37256407,Q72280
Q37039830,Q72338
Q37074567,Q72325
Q37326676,Q72286
Q37113266,Q72333
Q36984754,Q72348
Q37039503,Q72343
Q36858301,Q72374
Q36881034,Q72369
Q37524396,Q72308
Q37540363,Q72301
Q37306895,Q72335
Q37568426,Q72292
Q37441469,Q72322
Q37501194,Q72320
Q37509226,Q72321
Q37111148,Q72379
Q37566863,Q72323
Q37563902,Q72355
Q37436734,Q72372
Q37551542,Q72358
Q41783171,Q72373
Q42589500,Q72294
Q44699991,Q72334
Q67155367,Q72287
Q76426095,Q72349
Q94143919,Q72361
Q105738966,Q72324
Q112600372,Q72347
Q114559775,Q72362
Q115706881,Q72344
Q119547694,Q72378
Q11213243,Q97024
Q18549548,Q96973
Q2405539,Q97046
Q16881778,Q96996
Q11134722,Q97033
Q16870834,Q97006
Q16877350,Q97032
Q25114821,Q96975
Q5192659,Q96949
Q5298074,Q96958
Q4848454,Q97023
Q5975091,Q96969
Q5897322,Q97008
Q6177675,Q97036
Q6509287,Q96995
Q16870537,Q97034
Q7366196,Q96959
Q7461132,Q97009
Q16884115,Q97037
Q36897514,Q96998
Q17144522,Q96950
Q16157408,Q96970
Q16158660,Q97010
Q16872405,Q96948
Q16479440,Q97022
Q16931637,Q96960
Q16860033,Q96972
Q16479930,Q97025
Q16882620,Q96971
Q16860434,Q96976
Q16870414,Q97001
Q16860193,Q96989
Q16875747,Q96986
Q16876697,Q96988
Q16869434,Q97031
Q16865764,Q97038
Q37033756,Q97013
Q37546724,Q97014
Q20719307,Q97011
Q21493522,Q96951
Q21493227,Q96965
Q21482584,Q96977
Q21482493,Q96978
Q21507694,Q96987
Q21509455,Q96990
Q21452665,Q97007
Q21482990,Q96997
Q21482528,Q97027
Q21491391,Q97026
Q21509683,Q97035
Q23015632,Q96945
Q27678531,Q96961
Q27877535,Q96957
Q28602179,Q96962
Q30423492,Q96991
Q30605844,Q96982
Q48980572,Q96993
Q37064827,Q96963
Q37208137,Q96966
Q37112759,Q96983
Q37431622,Q96946
Q37041430,Q97015
Q37495588,Q96952
Q37509740,Q96953
Q37558234,Q96954
Q37241298,Q97039
Q37533029,Q96979
Q37512846,Q96984
Q37559369,Q96992
Q37573563,Q96999
Q37479106,Q97016
Q37553004,Q97012
Q50807868,Q96981
Q55644401,Q96985
Q56061998,Q96955
Q56245854,Q96964
Q56244169,Q97017
Q56538794,Q97040
Q59196750,Q97000
Q63788160,Q96947
Q63973593,Q97041
Q66537541,Q97042
Q87255553,Q96994
Q90065003,Q97043
Q90781618,Q97004
Q96476555,Q97029
Q99973100,Q97028
Q106547247,Q96956
Q107284622,Q96967
Q109455072,Q97020
Q110638012,Q97005
Q112601144,Q96980
Q112599780,Q97002
Q112600481,Q97003
Q112599809,Q97018
Q112600402,Q97019
Q112596200,Q97021
Q112590945,Q97030
Q112595392,Q97045
Q112600031,Q97044
Q2160221,Q72451
Q3335230,Q72384
Q3041504,Q72474
Q5055238,Q72438
Q5182211,Q72405
Q5433664,Q72431
Q5647074,Q72430
Q6582834,Q72439
Q6753261,Q72445
Q7333247,Q72406
Q7802093,Q72385
Q7249537,Q72467
Q16275642,Q72456
Q13560450,Q72463
Q16479591,Q72443
Q18171095,Q72416
Q37272661,Q72460
Q14633517,Q72407
Q15712767,Q72471
Q16276756,Q72401
Q16390676,Q72432
Q16275793,Q72455
Q16278100,Q72465
Q16573368,Q72415
Q16874587,Q72386
Q16865504,Q72413
Q16881853,Q72408
Q16877887,Q72414
Q16870783,Q72433
Q16865409,Q72440
Q16865961,Q72444
Q21405537,Q72453
Q16869755,Q72457
Q16882299,Q72452
Q16869470,Q72473
Q16870056,Q72475
Q16871141,Q72480
Q20727043,Q72458
Q21451986,Q72392
Q21452700,Q72391
Q21428403,Q72411
Q21450357,Q72419
Q21450952,Q72418
Q21450137,Q72421
Q21482811,Q72420
Q21481498,Q72422
Q21492676,Q72412
Q21497416,Q72410
Q21504534,Q72409
Q21482827,Q72434
Q21502096,Q72424
Q21510812,Q72423
Q21502160,Q72436
Q21507818,Q72435
Q21475407,Q72462
Q21491269,Q72466
Q21491304,Q72478
Q22348139,Q72464
Q27251921,Q72426
Q24088291,Q72441
Q24724227,Q72417
Q24698823,Q72481
Q28054973,Q72394
Q28150803,Q72388
Q28837078,Q72387
Q29048884,Q72393
Q29573115,Q72446
Q29708964,Q72427
Q30441233,Q72425
Q32371766,Q72396
Q37301508,Q72383
Q37306837,Q72389
Q37492006,Q72382
Q36970154,Q72468
Q37547356,Q72397
Q37096404,Q72459
Q37556936,Q72395
Q37564580,Q72399
Q37450877,Q72437
Q37121801,Q72469
Q37051313,Q72479
Q37496839,Q72442
Q37298162,Q72472
Q37498489,Q72470
Q37562898,Q72476
Q41661348,Q72398
Q41698339,Q72477
Q46529997,Q72400
Q56245507,Q72454
Q73641421,Q72428
Q94143766,Q72461
Q94176088,Q72449
Q98556714,Q72402
Q105611797,Q72403
Q105611835,Q72404
Q107321329,Q72390
Q110305274,Q72482
Q112858242,Q72429
Q115738679,Q72483
Q117409699,Q72450
Q16869729,Q97119
Q16871826,Q97132
Q16878221,Q97109
Q1511218,Q97117
Q4384197,Q97060
Q6662047,Q97146
Q16876614,Q97055
Q19902478,Q97068
Q382833,Q97053
Q609239,Q97091
Q1391305,Q97086
Q1740885,Q97087
Q4646795,Q97092
Q5302657,Q97084
Q4962709,Q97142
Q5677816,Q97131
Q6705043,Q97054
Q7236923,Q97061
Q27156868,Q97120
Q7357497,Q97129
Q7332592,Q97143
Q7837852,Q97144
Q13560083,Q97135
Q16275984,Q97051
Q16870544,Q97047
Q16872391,Q97052
Q16865674,Q97062
Q16849984,Q97093
Q16876756,Q97101
Q16869876,Q97118
Q37483939,Q97065
Q16870559,Q97145
Q16880991,Q97141
Q19607233,Q97085
Q19631870,Q97110
Q19902069,Q97094
Q19986366,Q97130
Q21492637,Q97063
Q21482671,Q97069
Q21476566,Q97071
Q21452432,Q97095
Q21487973,Q97123
Q37099488,Q97116
Q21504541,Q97124
Q21450396,Q97133
Q21449949,Q97136
Q37556351,Q97099
Q23793520,Q97048
Q23731463,Q97072
Q25343318,Q97102
Q37517197,Q97088
Q29573244,Q97103
Q32856322,Q97137
Q36875792,Q97076
Q37165187,Q97049
Q37257719,Q97056
Q37170128,Q97073
Q37317613,Q97064
Q37184129,Q97077
Q37311938,Q97070
Q37147331,Q97104
Q37147379,Q97106
Q37098436,Q97122
Q37446858,Q97079
Q37470250,Q97078
Q37570859,Q97074
Q37441665,Q97098
Q37533096,Q97083
Q37519475,Q97089
Q37562759,Q97090
Q37499375,Q97111
Q37508481,Q97105
Q37552664,Q97107
Q37575405,Q97121
Q47103947,Q97057
Q47524238,Q97138
Q50165620,Q97126
Q55643783,Q97066
Q55664515,Q97096
Q56746456,Q97080
Q56538139,Q97125
Q56540603,Q97134
Q66688981,Q97058
Q94176542,Q97113
Q107288873,Q97114
Q111604606,Q97081
Q112599384,Q97050
Q112595421,Q97059
Q112600975,Q97067
Q112589761,Q97075
Q112599182,Q97097
Q112600165,Q97100
Q112599425,Q97108
Q112601171,Q97112
Q112600284,Q97115
Q112589658,Q97127
Q112591748,Q97128
Q112591572,Q97140
Q112600002,Q97139
Q115057449,Q97082
Q16870516,Q103353
Q689963,Q103305
Q21509401,Q103340
Q10379699,Q103293
Q20203679,Q103299
Q406384,Q103334
Q1049855,Q103278
Q1158318,Q103303
Q1620328,Q103295
Q29035491,Q103346
Q4362467,Q103361
Q4889900,Q103312
Q5167159,Q103308
Q5504745,Q103288
Q5447701,Q103351
Q5612413,Q103365
Q7913709,Q103309
Q16883346,Q103277
Q11074526,Q103358
Q13391149,Q103364
Q38464993,Q103297
Q16275173,Q103333
Q16726240,Q103275
Q16479851,Q103328
Q16882075,Q103284
Q16882849,Q103307
Q16876658,Q103320
Q16884843,Q103341
Q16876545,Q103355
Q17111612,Q103357
Q25621317,Q103349
Q18161646,Q103323
Q19829493,Q103347
Q20727170,Q103330
Q21446263,Q103270
Q21497229,Q103272
Q21509275,Q103274
Q21508196,Q103281
Q21491506,Q103286
Q21491309,Q103291
Q21488340,Q103294
Q21450479,Q103326
Q21507922,Q103316
Q21449329,Q103331
Q21512968,Q103327
Q21492815,Q103335
Q21491445,Q103338
Q21492763,Q103342
Q21491149,Q103352
Q21481573,Q103359
Q22978553,Q103300
Q25125914,Q103339
Q27208026,Q103283
Q27266994,Q103337
Q27792428,Q103332
Q28398064,Q103366
Q37499763,Q103354
Q37053087,Q103269
Q36968503,Q103279
Q37107901,Q103271
Q37027298,Q103302
Q37040805,Q103314
Q37051174,Q103313
Q36876325,Q103350
Q37312983,Q103287
Q37023838,Q103345
Q37120801,Q103329
Q37514161,Q103282
Q37477368,Q103289
Q37452396,Q103356
Q37471883,Q103362
Q37497774,Q103368
Q48967831,Q103292
Q51058759,Q103321
Q73336292,Q103276
Q63315372,Q103325
Q66134589,Q103301
Q68729864,Q103285
Q80571273,Q103273
Q90194511,Q103367
Q105754778,Q103311
Q93911735,Q103324
Q96217684,Q103296
Q96479043,Q103310
Q96476258,Q103336
Q98031712,Q103280
Q100276818,Q103304
Q105543415,Q103322
Q105701606,Q103363
Q107420154,Q103315
Q107998781,Q103268
Q109286036,Q103317
Q110763174,Q103348
Q112600028,Q103290
Q112591947,Q103298
Q112600428,Q103306
Q112598877,Q103319
Q112600269,Q103318
Q112589562,Q103344
Q112600274,Q103343
Q20727049,Q72490
Q1175589,Q72535
Q1664581,Q72576
Q5126918,Q72511
Q4953660,Q72532
Q5072558,Q72536
Q5678794,Q72523
Q5745655,Q72524
Q5996075,Q72514
Q5754222,Q72543
Q6386944,Q72565
Q7598928,Q72499
Q7602004,Q72504
Q7924972,Q72525
Q12652033,Q72526
Q37267291,Q72538
Q13584199,Q72488
Q13570642,Q72498
Q13575408,Q72522
Q14629485,Q72566
Q14650387,Q72563
Q37430149,Q72531
Q16870134,Q72487
Q16869404,Q72491
Q16876392,Q72518
Q16479503,Q72561
Q21449521,Q72495
Q16880716,Q72549
Q16883799,Q72556
Q16872546,Q72567
Q16867311,Q72573
Q16869517,Q72571
Q16869333,Q72572
Q19902160,Q72492
Q19838527,Q72574
Q21428406,Q72489
Q21451008,Q72508
Q21449719,Q72512
Q21475209,Q72506
Q21483058,Q72513
Q21491266,Q72527
Q21501719,Q72544
Q21508759,Q72537
Q21450201,Q72545
Q21475222,Q72557
Q21502197,Q72546
Q21509921,Q72555
Q21491950,Q72568
Q21449885,Q72577
Q21491641,Q72578
Q24755460,Q72515
Q27643012,Q72530
Q28199916,Q72496
Q27910497,Q72569
Q28943646,Q72509
Q29043078,Q72550
Q29559676,Q72507
Q29358667,Q72547
Q29571470,Q72570
Q30415478,Q72500
Q37465657,Q72580
Q37030017,Q72497
Q37031860,Q72516
Q37239513,Q72502
Q37243696,Q72528
Q36885681,Q72564
Q37003766,Q72558
Q37529303,Q72484
Q37500198,Q72493
Q37477904,Q72503
Q37038943,Q72581
Q37445298,Q72539
Q37328081,Q72559
Q37554722,Q72551
Q37531680,Q72575
Q47527031,Q72485
Q48977894,Q72560
Q54859487,Q72552
Q55396197,Q72520
Q54871201,Q72582
Q55215094,Q72579
Q56244637,Q72505
Q56065980,Q72562
Q56245462,Q72533
Q56541338,Q72554
Q63140817,Q72541
Q63413474,Q72534
Q64139501,Q72529
Q64225545,Q72542
Q66685270,Q72540
Q68828399,Q72517
Q77957120,Q72510
Q83814394,Q72583
Q89210502,Q72486
Q112601233,Q72548
Q110510177,Q72494
Q112595838,Q72519
Q115056738,Q72521
Q116187629,Q72553
Q120488859,Q72501
Q177232,Q72661
Q1158284,Q72683
Q4496098,Q72620
Q1231746,Q72660
Q2167741,Q72676
Q20857525,Q72645
Q5875078,Q72601
Q16147615,Q72625
Q7051163,Q72678
Q7179419,Q72664
Q7781126,Q72595
Q7991927,Q72600
Q10534294,Q72679
Q11573145,Q72587
Q37051252,Q72610
Q11703653,Q72597
Q11705971,Q72680
Q16865411,Q72585
Q16883443,Q72668
Q12673531,Q72650
Q36115226,Q72611
Q12800120,Q72630
Q13560342,Q72653
Q15240355,Q72655
Q16251697,Q72656
Q16865485,Q72592
Q16870625,Q72589
Q16881341,Q72590
Q16872446,Q72603
Q16869400,Q72607
Q16876612,Q72619
Q16931754,Q72596
Q21491435,Q72617
Q16934863,Q72618
Q16860324,Q72633
Q16882740,Q72632
Q16884047,Q72631
Q16878249,Q72638
Q16865640,Q72667
Q16876247,Q72666
Q16883929,Q72669
Q16869720,Q72681
Q16877386,Q72675
Q16965825,Q72682
Q18331621,Q72605
Q18331228,Q72674
Q20163691,Q72598
Q20727235,Q72591
Q20996133,Q72621
Q21450516,Q72599
Q21491350,Q72593
Q21491582,Q72594
Q21489058,Q72624
Q21449709,Q72636
Q21487232,Q72635
Q21509258,Q72634
Q21507050,Q72637
Q21491268,Q72657
Q21507620,Q72641
Q23907787,Q72639
Q24088224,Q72652
Q28946499,Q72588
Q24761967,Q72602
Q25114251,Q72608
Q25820465,Q72640
Q26868860,Q72584
Q27243185,Q72671
Q27988707,Q72612
Q28083792,Q72627
Q28553124,Q72606
Q29829938,Q72654
Q36899555,Q72648
Q37470728,Q72616
Q33545594,Q72670
Q36959578,Q72609
Q37195442,Q72622
Q37293932,Q72626
Q36923414,Q72663
Q37502837,Q72629
Q37184557,Q72649
Q37223257,Q72646
Q37005810,Q72672
Q37288230,Q72651
Q37091711,Q72677
Q37477410,Q72644
Q37326924,Q72662
Q37562959,Q72643
Q37570045,Q72659
Q39069607,Q72613
Q61045790,Q72673
Q43005837,Q72628
Q56658409,Q72615
Q56246378,Q72665
Q64226296,Q72604
Q63333841,Q72614
Q67663633,Q72658
Q83293772,Q72623
Q99906581,Q72586
Q104832162,Q72642
Q108610454,Q72647
Q15924427,Q97149
Q16870900,Q97189
Q7161879,Q97245
Q12668666,Q97169
Q16882409,Q97168
Q17032422,Q97195
Q19766311,Q97197
Q21450253,Q97203
Q4083870,Q97191
Q5149448,Q97166
Q5070200,Q97224
Q6659882,Q97231
Q6739725,Q97244
Q7454968,Q97165
Q7574377,Q97181
Q7819012,Q97187
Q7849873,Q97196
Q8040170,Q97200
Q11680149,Q97235
Q12787151,Q97232
Q13832115,Q97148
Q16882777,Q97151
Q16865511,Q97154
Q16871830,Q97167
Q16868219,Q97170
Q16872081,Q97176
Q16881394,Q97182
Q16833412,Q97192
Q16881065,Q97201
Q16860356,Q97211
Q16882910,Q97210
Q16865545,Q97225
Q16876534,Q97226
Q17097783,Q97207
Q24058226,Q97180
Q19025545,Q97177
Q19919890,Q97236
Q20995994,Q97156
Q20726377,Q97220
Q20996176,Q97208
Q21448133,Q97147
Q21513474,Q97183
Q21452706,Q97209
Q21491379,Q97205
Q21492385,Q97212
Q21482594,Q97214
Q21484862,Q97215
Q22085301,Q97173
Q22086923,Q97174
Q22121713,Q97172
Q22673958,Q97163
Q24464016,Q97246
Q25352580,Q97206
Q26107481,Q97164
Q26234661,Q97202
Q26998346,Q97171
Q47086096,Q97194
Q28226644,Q97237
Q28913603,Q97213
Q36932498,Q97157
Q36936669,Q97175
Q37012049,Q97185
Q37045416,Q97193
Q36979416,Q97233
Q37294031,Q97190
Q37478647,Q97186
Q37501906,Q97184
Q37279563,Q97227
Q37432731,Q97238
Q41316643,Q97198
Q42967802,Q97222
Q47463521,Q97158
Q50843210,Q97228
Q56246392,Q97152
Q56246525,Q97219
Q56299626,Q97223
Q56541486,Q97221
Q58111079,Q97155
Q64830939,Q97204
Q76947325,Q97188
Q84315320,Q97239
Q85485844,Q97178
Q98456484,Q97199
Q98578206,Q97217
Q99907709,Q97153
Q104097730,Q97229
Q107484612,Q97179
Q108123831,Q97150
Q108908018,Q97240
Q110392515,Q97218
Q112589723,Q97161
Q112591658,Q97160
Q112600223,Q97159
Q112590192,Q97162
Q112601060,Q97216
Q112595425,Q97230
Q112594957,Q97242
Q112601046,Q97241
Q112600646,Q97243
Q116485840,Q97234
Q21448130,Q103378
Q5196264,Q103372
Q16883923,Q103377
Q19901879,Q103379
Q21482512,Q103369
Q24953220,Q103370
Q26479943,Q103376
Q37171552,Q103371
Q37309904,Q103375
Q37526190,Q103374
Q99394182,Q103373
Q1295024,Q131873
Q16877804,Q131586
Q21492608,Q131581
Q21488998,Q131867
Q21489034,Q131588
Q17541915,Q131905
Q1158566,Q131564
Q28122999,Q131562
Q4140836,Q131577
Q4804285,Q131567
Q36896714,Q131860
Q5593511,Q131587
Q27615142,Q131882
Q7811599,Q131563
Q37091862,Q131572
Q16479600,Q131887
Q786779,Q131903
Q36955386,Q131856
Q37544035,Q131900
Q16801703,Q131570
Q16834944,Q131576
Q5128477,Q131902
Q5450728,Q131865
Q5589970,Q131874
Q5710786,Q131894
Q21493862,Q131565
Q21446971,Q131575
Q21484684,Q131580
Q7597301,Q131888
Q24251425,Q131585
Q12789571,Q131889
Q16276437,Q131896
Q16883676,Q131849
Q16869870,Q131855
Q16871800,Q131857
Q16881217,Q131859
Q16802358,Q131885
Q16877383,Q131871
Q16870111,Q131890
Q16870396,Q131895
Q16883838,Q131897
Q16865667,Q131904
Q18324562,Q131852
Q20997836,Q131863
Q21450417,Q131851
Q21507755,Q131850
Q21489005,Q131864
Q21491128,Q131866
Q21452584,Q131886
Q21512221,Q131893
Q36915924,Q131574
Q37127401,Q131589
Q37553109,Q131566
Q38216667,Q131582
Q41662029,Q131506
Q28148653,Q131875
Q29169117,Q131892
Q29533085,Q131878
Q29957612,Q131848
Q37459871,Q131813
Q36633240,Q131883
Q37020381,Q131861
Q37089472,Q131853
Q37159117,Q131899
Q37276275,Q131879
Q37560449,Q131854
Q37537241,Q131862
Q37531513,Q131872
Q37537046,Q131877
Q37554163,Q131898
Q37513042,Q131906
Q55422534,Q131583
Q56245391,Q131578
Q66085036,Q131569
Q68099689,Q131497
Q57906034,Q131876
Q110939500,Q131869
Q111767240,Q131870
Q99909763,Q131504
Q100255458,Q131579
Q105550001,Q131568
Q106066749,Q131571
Q109649142,Q131584
Q111639932,Q131573
Q99612615,Q131880
Q107404483,Q131891
Q119422948,Q131901
Q119479967,Q131881
Q122947370,Q131858
Q145210,Q72693
Q21511565,Q72777
Q1931147,Q72702
Q17032906,Q72718
Q4926373,Q72699
Q5397526,Q72689
Q5189733,Q72732
Q5221096,Q72744
Q7181225,Q72755
Q7237008,Q72751
Q14915259,Q72728
Q13422008,Q72692
Q18109999,Q72705
Q13553585,Q72740
Q13560477,Q72757
Q18415570,Q72736
Q16251564,Q72691
Q16274757,Q72754
Q16282426,Q72774
Q16860168,Q72697
Q16871133,Q72695
Q16880685,Q72687
Q16931305,Q72700
Q16939343,Q72703
Q16519550,Q72772
Q16870451,Q72726
Q16865829,Q72739
Q16871917,Q72733
Q16870868,Q72741
Q16876357,Q72737
Q16871158,Q72743
Q16869749,Q72766
Q16948732,Q72762
Q16871415,Q72778
Q16883354,Q72775
Q18324638,Q72721
Q20726813,Q72686
Q20726713,Q72723
Q20995911,Q72752
Q21175530,Q72730
Q21500633,Q72685
Q21507904,Q72704
Q21482604,Q72706
Q21492065,Q72707
Q21493999,Q72708
Q21491113,Q72722
Q21507567,Q72753
Q21450738,Q72763
Q21493562,Q72769
Q21509932,Q72768
Q21509832,Q72770
Q21492113,Q72779
Q36892586,Q72711
Q23747926,Q72714
Q24085404,Q72712
Q24801679,Q72771
Q29573249,Q72760
Q26267122,Q72684
Q27203074,Q72776
Q28039626,Q72749
Q28169779,Q72758
Q28226187,Q72767
Q29401488,Q72759
Q30315739,Q72731
Q36991696,Q72694
Q37015220,Q72698
Q37040141,Q72688
Q37009700,Q72710
Q37147809,Q72727
Q37494128,Q72690
Q37072438,Q72765
Q37526516,Q72709
Q37471487,Q72719
Q37331355,Q72742
Q37490858,Q72725
Q37455566,Q72746
Q37516481,Q72750
Q37462611,Q72764
Q38592924,Q72761
Q42145879,Q72748
Q42327331,Q72724
Q43075213,Q72773
Q47537005,Q72729
Q52319550,Q72735
Q54274987,Q72734
Q54815426,Q72745
Q55644608,Q72715
Q56245055,Q72716
Q75200062,Q72713
Q86855280,Q72756
Q98101659,Q72696
Q98210196,Q72717
Q106264190,Q72738
Q112054986,Q72720
Q118129524,Q72701
Q16275867,Q96430
Q14959634,Q96433
Q21494621,Q96431
Q37500632,Q96434
Q49440464,Q96432
Q16870810,Q96513
Q1691005,Q96535
Q8038355,Q96529
Q814067,Q96444
Q16001762,Q96512
Q36897543,Q96478
Q182135,Q96447
Q164503,Q96488
Q400458,Q96510
Q7486798,Q96480
Q22062007,Q96516
Q2152775,Q96511
Q4305768,Q96454
Q4327710,Q96446
Q4397228,Q96465
Q5272398,Q96467
Q11196273,Q96441
Q37053452,Q96533
Q16479900,Q96474
Q16876134,Q96468
Q16865366,Q96469
Q16865848,Q96502
Q16872373,Q96501
Q16869659,Q96503
Q16871315,Q96514
Q16877447,Q96520
Q17542020,Q96455
Q19970031,Q96522
Q21450795,Q96437
Q21507202,Q96438
Q21452672,Q96442
Q21487131,Q96449
Q21492820,Q96445
Q21513187,Q96456
Q21454251,Q96475
Q21449005,Q96489
Q21487489,Q96491
Q21482674,Q96496
Q21507196,Q96492
Q21501841,Q96500
Q21506786,Q96515
Q21452331,Q96521
Q23039018,Q96448
Q23041587,Q96450
Q23045945,Q96528
Q24514422,Q96466
Q37538578,Q96484
Q27887174,Q96517
Q29014547,Q96440
Q28819387,Q96493
Q29627879,Q96451
Q29947757,Q96530
Q35930164,Q96497
Q37133750,Q96457
Q37122822,Q96504
Q59360977,Q96536
Q37452290,Q96462
Q37045498,Q96532
Q37255648,Q96505
Q37227631,Q96526
Q37556148,Q96479
Q37534704,Q96518
Q37546649,Q96534
Q40199570,Q96439
Q61974655,Q96463
Q41834820,Q96524
Q45259480,Q96506
Q50245481,Q96519
Q55988651,Q96509
Q56245175,Q96494
Q58060544,Q96525
Q58836962,Q96481
Q68241605,Q96483
Q59770849,Q96470
Q61121350,Q96482
Q63487271,Q96458
Q65090611,Q96471
Q65097591,Q96507
Q77575475,Q96452
Q83501630,Q96453
Q88958803,Q96472
Q91255625,Q96531
Q92101326,Q96435
Q105181710,Q96485
Q99944530,Q96436
Q99842226,Q96464
Q101215369,Q96523
Q104540449,Q96490
Q105253336,Q96508
Q105612572,Q96460
Q105532857,Q96498
Q105532942,Q96499
Q106072047,Q96486
Q106352411,Q96459
Q110553187,Q96473
Q110732779,Q96477
Q111720922,Q96487
Q112214371,Q96495
Q112590848,Q96443
Q116648390,Q96527
Q16860530,Q131935
Q30117840,Q131934
Q28194326,Q131915
Q358090,Q131909
Q1139543,Q131920
Q4972217,Q131910
Q16479689,Q131919
Q16865577,Q131926
Q16871338,Q131930
Q16865706,Q131933
Q16870593,Q131937
Q21452723,Q131928
Q21507920,Q131913
Q21491441,Q131938
Q27206765,Q131922
Q27477111,Q131921
Q27892877,Q131924
Q36925452,Q131912
Q37269320,Q131929
Q37438891,Q131907
Q37466479,Q131917
Q37477958,Q131916
Q48311856,Q131918
Q55422551,Q131931
Q57666221,Q131923
Q66741431,Q131914
Q99889147,Q131908
Q99946048,Q131925
Q104592571,Q131927
Q106264204,Q131932
Q985852,Q138089
Q1136508,Q138091
Q114558882,Q131911
Q7206466,Q138101
Q10525262,Q138095
Q120897548,Q131936
Q16865891,Q138088
Q16883649,Q138092
Q16866903,Q138103
Q54327154,Q138104
Q20997640,Q138098
Q21493077,Q138084
Q21494262,Q138100
Q21506957,Q138097
Q21513066,Q138102
Q37292360,Q138083
Q37495193,Q138093
Q37538970,Q138086
Q112599326,Q138096
Q43173985,Q138099
Q27941140,Q139413
Q54868497,Q138085
Q60187761,Q138087
Q16869520,Q142875
Q16870615,Q142860
Q16869904,Q142876
Q27989086,Q142882
Q16947650,Q142721
Q16275054,Q142815
Q1678159,Q142874
Q16877593,Q142866
Q5623611,Q142901
Q7861498,Q142896
Q7979526,Q142888
Q117810733,Q138090
Q16870899,Q142864
Q16883235,Q142862
Q16860422,Q142870
Q16870200,Q142873
Q16884647,Q142889
Q16860034,Q142899
Q16871142,Q142903
Q17560826,Q142872
Q18953411,Q142865
Q20996486,Q142861
Q21452585,Q142881
Q21500520,Q142878
Q24288790,Q142871
Q27988729,Q142863
Q27988728,Q142867
Q27988688,Q142868
Q27988835,Q142869
Q27988911,Q142877
Q27989184,Q142879
Q27989036,Q142880
Q27989163,Q142883
Q27990631,Q142884
Q27990603,Q142885
Q27990648,Q142886
Q28008542,Q142887
Q28024967,Q142890
Q28026487,Q142891
Q28026536,Q142892
Q28026546,Q142893
Q28026556,Q142894
Q28026565,Q142895
Q28032861,Q142897
Q28051316,Q142898
Q28054981,Q142900
Q28177096,Q142902
Q20727165,Q142906
Q28728921,Q142909
Q28728649,Q142908
Q6547928,Q142937
Q6726666,Q142911
Q6801266,Q142910
Q7708924,Q142919
Q16871327,Q142904
Q16870919,Q142917
Q19798449,Q142905
Q20995992,Q142916
Q20997706,Q142934
Q21510692,Q142921
Q21493762,Q142913
Q21498652,Q142935
Q28216344,Q142907
Q28859672,Q142912
Q28946042,Q142914
Q29970871,Q142915
Q34819641,Q142918
Q37470735,Q142922
Q37463380,Q142936
Q47486406,Q142938
Q48688298,Q142920
Q66749856,Q142923
Q25162534,Q144105
Q1773031,Q144106
Q24038985,Q144107
Q16876748,Q144108
Q85852834,Q144109
Q7333034,Q144110
Q37312748,Q144111
Q36981648,Q144112
Q16860274,Q144113
Q11259438,Q144114
Q37314993,Q144115
Q25936399,Q144116
Q37151346,Q144117
Q21487329,Q144118
Q12795967,Q54075
Q28746407,Q144120
Q56245388,Q144121
Q37542486,Q144122
Q6692088,Q144123
Q99946114,Q144124
Q26736327,Q144125
Q37020658,Q144126
Q99909197,Q144127
Q21502144,Q144128
Q37100441,Q144129
Q16865879,Q144130
Q13553783,Q144131
Q65103020,Q144132
Q16876676,Q144133
Q27459782,Q144134
Q21487933,Q144135
Q37303254,Q144136
Q37492966,Q144137
Q83369452,Q144138
Q16870612,Q144139
Q31212352,Q144140
Q37484735,Q144141
Q20995620,Q144142
Q5337778,Q144143
Q27517147,Q144144
Q101439483,Q144145
Q5666643,Q144146
Q37259610,Q144147
Q112567902,Q144148
Q25114803,Q144149
Q4691322,Q144150
Q113156203,Q144151
Q7908852,Q144152
Q36955427,Q144153
Q21447145,Q144154
Q73640578,Q144155
Q30971895,Q144156
Q132143333,Q144157
Q65114826,Q144158
Q96477386,Q144159
Q21450423,Q144160
Q104592681,Q144161
Q7535070,Q144162
Q107443059,Q144163
Q100332941,Q144164
Q27257614,Q144165
Q7439361,Q144166
Q36931676,Q144167
Q21510801,Q144168
Q67416555,Q144169
Q37110054,Q144170
Q21493046,Q144171
Q5558683,Q144172
Q37031430,Q144173
Q16877981,Q144174
Q2570283,Q144175
Q37062377,Q144176
Q37535942,Q144177
Q21448064,Q144178
Q21502185,Q144179
Q7839634,Q144180
Q37011254,Q144181
Q12794688,Q53664
Q12748946,Q144183
Q51761713,Q144184
Q36898632,Q144185
Q16883778,Q144186
Q4829992,Q144187
Q8270802,Q144188
Q20826252,Q144189
Q15974967,Q144190
Q118469547,Q144191
Q36970418,Q144192
Q19839066,Q144193
Q16833425,Q144194
Q37521775,Q144195
Q21511658,Q144196
Q16882531,Q144197
Q21501893,Q144198
Q21475316,Q144199
Q16280349,Q144200
Q21491894,Q144201
Q20996560,Q144202
Q36885314,Q144203
Q16870188,Q144204
Q54009107,Q144205
Q16870210,Q144206
Q37437729,Q144207
Q27435897,Q144208
Q37501185,Q144209
Q30584230,Q144210
Q21491910,Q144211
Q50347359,Q144212
Q4889894,Q144213
Q6540256,Q144214
Q4275747,Q144215
Q16093204,Q144216
Q125530497,Q144217
Q37522023,Q144218
Q37050153,Q144219
Q20878213,Q144220
Q102251177,Q144221
Q16860334,Q144222
Q37543030,Q144223
Q112999994,Q144224
Q21476568,Q144225
Q37050972,Q144226
Q20554790,Q144227
Q28199655,Q144228
Q21492120,Q144229
Q37062825,Q144230
Q33000002,Q144231
Q37489849,Q144232
Q107446301,Q144233
Q387640,Q144234
Q16881784,Q144235
Q2251389,Q144236
Q20812281,Q144237
Q19819757,Q144238
Q37208103,Q144239
Q21450882,Q144240
Q21508423,Q144241
Q16479840,Q144242
Q36947307,Q144243
Q4899672,Q144244
Q133806759,Q144245
Q16876766,Q144246
Q4150025,Q144247
Q24354068,Q144248
Q37533867,Q144249
Q75632744,Q144250
Q37540498,Q144251
Q21492137,Q144252
Q27237735,Q144253
Q37570745,Q144254
Q16796591,Q144255
Q16882361,Q144256
Q7283653,Q144257
Q21502354,Q144258
Q117469995,Q144259
Q74081533,Q144260
Q37535229,Q144261
Q21487215,Q144262
Q37314238,Q144263
Q1158321,Q144264
Q19326220,Q144265
Q16275686,Q144266
Q21500714,Q144267
Q15789580,Q144268
Q37036450,Q144269
Q37115498,Q144270
Q37445548,Q144271
Q37204940,Q144272
Q20811337,Q144273
Q107392088,Q144274
Q29410423,Q144275
Q21496965,Q144276
Q4804991,Q144277
Q21488826,Q144278
Q29573224,Q144279
Q37495214,Q144280
Q37522673,Q144281
Q1948718,Q144282
Q101439470,Q144283
Q29570666,Q144284
Q21448955,Q144285
Q37459700,Q144286
Q1496638,Q144287
Q55235092,Q144288
Q37118203,Q144289
Q36901780,Q144290
Q37507885,Q144291
Q36959979,Q144292
Q37492134,Q144293
Q111534402,Q144294
Q16280394,Q144295
Q21476685,Q144296
Q37452514,Q144297
Q21482757,Q144298
Q21491614,Q144299
Q36905077,Q144300
Q21450517,Q144301
Q20519159,Q144302
Q16871400,Q144303
Q16865739,Q144304
Q113995771,Q144305
Q5317514,Q144306
Q99910245,Q144307
Q19901864,Q144308
Q36888857,Q144309
Q56244498,Q144310
Q37503329,Q144311
Q37227308,Q144312
Q21493218,Q144313
Q16881905,Q144314
Q37516644,Q144315
Q56245907,Q144316
Q37433247,Q144317
Q36923493,Q144318
Q56244707,Q144319
Q24085163,Q144320
Q76422359,Q144321
Q780747,Q144322
Q16883751,Q144323
Q104869790,Q144324
Q24804570,Q144325
Q92211456,Q144326
Q56246421,Q144327
Q21492648,Q144328
Q50331901,Q144329
Q27783959,Q144330
Q37110837,Q144331
Q17853963,Q144332
Q37002638,Q144333
Q37562272,Q144334
Q91059243,Q144335
Q21455881,Q144336
Q16872367,Q144337
Q36998800,Q144338
Q37040935,Q144339
Q16884015,Q144340
Q21476559,Q144341
Q37490681,Q144342
Q37544986,Q144343
Q37485160,Q144344
Q21501738,Q144345
Q37294439,Q144346
Q36919912,Q144347
Q116695737,Q144348
Q37451276,Q144349
Q28802900,Q144350
Q4873803,Q144351
Q37163088,Q144352
Q66777913,Q144353
Q2706037,Q144354
Q1974918,Q144355
Q37540720,Q144356
Q12800257,Q103015
Q105612093,Q144358
Q65110329,Q144359
Q20730105,Q144360
Q37446648,Q144361
Q47873754,Q144362
Q36910599,Q144363
Q56539772,Q144364
Q99909185,Q144365
Q1751954,Q144366
Q16865905,Q144367
Q105770963,Q144368
Q37231796,Q144369
Q54639803,Q144370
Q37568648,Q144371
Q20827080,Q144372
Q12648436,Q144373
Q37171097,Q144374
Q21491918,Q144375
Q16865651,Q144376
Q61703278,Q144377
Q16878198,Q144378
Q36871840,Q144379
Q16865974,Q144380
Q36950694,Q144381
Q37464930,Q144382
Q16825463,Q144383
Q16870154,Q144384
Q37129303,Q144385
Q16877458,Q144386
Q37478247,Q144387
Q37439566,Q144388
Q8037546,Q144389
Q37528335,Q144390
Q47537054,Q144391
Q37442802,Q144392
Q16865348,Q144393
Q24536354,Q144394
Q37456046,Q144395
Q127064464,Q144396
Q21450500,Q144397
Q133853314,Q144398
Q26229734,Q144399
Q21513082,Q144400
Q21491259,Q144401
Q21660706,Q144402
Q21282201,Q144403
Q18648002,Q144404
Q36943088,Q144405
Q37187576,Q144406
Q28468823,Q144407
Q65077675,Q144408
Q61778909,Q144409
Q65648424,Q144410
Q21494108,Q144411
Q16881085,Q144412
Q37484093,Q144413
Q21509955,Q144414
Q1158580,Q144415
Q16275798,Q144416
Q42847470,Q144417
Q37476695,Q144418
Q57720119,Q144419
Q21498350,Q144420
Q37571177,Q144421
Q37495776,Q144422
Q37522797,Q144423
Q37571539,Q144424
Q123761577,Q144425
Q16869989,Q144426
Q21449472,Q144427
Q16877643,Q144428
Q37473149,Q144429
Q10723105,Q144430
Q101440017,Q144431
Q16865552,Q144432
Q5450707,Q144433
Q65122116,Q144434
Q16865756,Q144435
Q4480591,Q144436
Q36944711,Q144437
Q21501721,Q144438
Q16870866,Q144439
Q37195012,Q144440
Q26775128,Q144441
Q26905786,Q144442
Q63039652,Q144443
Q37470657,Q144444
Q47830853,Q144445
Q28885270,Q144446
Q37509130,Q144447
Q21489153,Q144448
Q37447329,Q144449
Q16870478,Q144450
Q99980998,Q144451
Q123035307,Q144452
Q37463857,Q144453
Q21497082,Q144454
Q98884692,Q144455
Q36981039,Q144456
Q118076024,Q144457
Q89396688,Q144458
Q83495101,Q144459
Q12798688,Q144460
Q16871388,Q144461
Q37522893,Q144462
Q37446979,Q144463
Q16870933,Q144464
Q50922831,Q144465
Q7099421,Q144466
Q114764598,Q144467
Q16977645,Q144468
Q1743473,Q144469
Q101439609,Q144470
Q111765520,Q144471
Q16877242,Q144472
Q24754850,Q144473
Q102042859,Q144474
Q37503362,Q144475
Q21494576,Q144476
Q37551609,Q144477
Q1158266,Q144478
Q21447910,Q144479
Q27538448,Q144480
Q16876727,Q144481
Q16479589,Q144482
Q21449551,Q144483
Q37073311,Q144484
Q16882887,Q144485
Q16881395,Q144486
Q16877305,Q144487
Q37491229,Q144488
Q101439795,Q144489
Q28134935,Q144490
Q21448721,Q144491
Q111820438,Q144492
Q16880627,Q144493
Q86941006,Q144494
Q101035590,Q144495
Q37328980,Q144496
Q30108267,Q144497
Q21492094,Q144498
Q5507843,Q144499
Q37508049,Q144500
Q21449587,Q144501
Q21487485,Q144502
Q25368020,Q144503
Q130284644,Q144504
Q16876372,Q144505
Q6383244,Q144506
Q15813744,Q144507
Q25934944,Q144508
Q16866072,Q144509
Q16876666,Q144510
Q21448980,Q144511
Q6302457,Q144512
Q21491203,Q144513
Q8564020,Q144514
Q16276575,Q144515
Q37574764,Q144516
Q37233687,Q144517
Q115858234,Q144518
Q50366433,Q144519
Q16279221,Q144520
Q16882112,Q144521
Q62601879,Q144522
Q37440604,Q144523
Q112600977,Q144524
Q28132779,Q144525
Q21492023,Q144526
Q21452000,Q144527
Q36890706,Q144528
Q36984602,Q144529
Q37291988,Q144530
Q21491202,Q144531
Q2219079,Q144532
Q21510834,Q144533
Q36872587,Q144534
Q21482888,Q144535
Q83385050,Q144536
Q21484602,Q144537
Q112595808,Q144538
Q37470827,Q144539
Q37201139,Q144540
Q37035853,Q144541
Q16883427,Q144542
Q26986582,Q144543
Q37238730,Q144544
Q21510733,Q144545
Q37541193,Q144546
Q6076324,Q144547
Q21475390,Q144548
Q17114963,Q144549
Q2586616,Q144550
Q21491597,Q144551
Q37167167,Q144552
Q112960164,Q144553
Q16280805,Q144554
Q19550800,Q144555
Q5026943,Q144556
Q301840,Q144557
Q37183268,Q144558
Q70740595,Q144559
Q21509751,Q144560
Q59505701,Q144561
Q123990846,Q144562
Q88464483,Q144563
Q20726741,Q144564
Q21487145,Q144565
Q21501823,Q144566
Q5564989,Q144567
Q37215245,Q144568
Q37177969,Q144569
Q37487156,Q144570
Q112601007,Q144571
Q16146977,Q144572
Q16860578,Q144573
Q108340472,Q144574
Q112596166,Q144575
Q96971148,Q144576
Q101439610,Q144577
Q5032012,Q144578
Q112601154,Q144579
Q22924062,Q144580
Q21448013,Q144581
Q21492337,Q144582
Q83354246,Q144583
Q37020001,Q144584
Q648010,Q144585
Q19158868,Q144586
Q37495499,Q144587
Q104832199,Q144588
Q37199494,Q144589
Q55579377,Q144590
Q19798609,Q144591
Q6782952,Q144592
Q21450334,Q144593
Q37508063,Q144594
Q131759694,Q144595
Q21450709,Q144596
Q5051765,Q144597
Q10983405,Q144598
Q21448114,Q144599
Q21508191,Q144600
Q5309108,Q144601
Q37560013,Q144602
Q23672346,Q144603
Q36868184,Q144604
Q21493269,Q144605
Q21510555,Q144606
Q123147733,Q144607
Q37497395,Q144608
Q59663499,Q144609
Q37086916,Q144610
Q54943608,Q144611
Q23306190,Q144612
Q34819170,Q144613
Q37160062,Q144614
Q21487941,Q144615
Q37441027,Q144616
Q29344836,Q144617
Q37506846,Q144618
Q7883576,Q144619
Q63760858,Q144620
Q56245312,Q144621
Q37514321,Q144622
Q21512281,Q144623
Q36865655,Q144624
Q37460143,Q144625
Q18145879,Q144626
Q28933323,Q144627
Q17144509,Q144628
Q31047611,Q144629
Q16865478,Q144630
Q56246152,Q144631
Q116177247,Q144632
Q5179755,Q144633
Q36969298,Q144634
Q37110043,Q144635
Q21482965,Q144636
Q37478167,Q144637
Q118680492,Q144638
Q37177467,Q144639
Q107345990,Q144640
Q106190746,Q144641
Q25297099,Q144642
Q96478523,Q144643
Q130239062,Q144644
Q80464495,Q144645
Q37498541,Q144646
Q83348688,Q144647
Q16869959,Q144648
Q37481595,Q144649
Q37450492,Q144650
Q37455018,Q144651
Q20727080,Q144652
Q37555853,Q144653
Q16932880,Q144654
Q37051817,Q144655
Q8022131,Q144656
Q56540646,Q144657
Q21450859,Q144658
Q21492422,Q144659
Q21449961,Q144660
Q37165009,Q144661
Q37527929,Q144662
Q37458855,Q144663
Q24090470,Q144664
Q37481862,Q144665
Q56561744,Q144666
Q18324650,Q144667
Q37038336,Q144668
Q37440755,Q144669
Q21493689,Q144670
Q16865305,Q144671
Q4863351,Q144672
Q37018476,Q144673
Q24723012,Q144674
Q30131061,Q144675
Q36898260,Q144676
Q26869113,Q144677
Q37221145,Q144678
Q16878339,Q144679
Q5273655,Q144680
Q16870317,Q144681
Q123757515,Q144682
Q5186143,Q144683
Q37564746,Q144684
Q37482623,Q144685
Q133883470,Q144686
Q19902154,Q144687
Q16884835,Q144688
Q21449234,Q144689
Q21494143,Q144690
Q19844960,Q144691
Q113951693,Q144692
Q16479664,Q144693
Q33123344,Q144694
Q21510837,Q144695
Q1620650,Q144696
Q124664424,Q144697
Q37186521,Q144698
Q107449153,Q144699
Q96091852,Q144700
Q131728231,Q144701
Q37530277,Q144702
Q70128315,Q144703
Q37539150,Q144704
Q6801354,Q144705
Q16158399,Q144706
Q37546673,Q144707
Q20726988,Q144708
Q27631665,Q144709
Q21507253,Q144710
Q21428410,Q144711
Q128210219,Q144712
Q37174528,Q144713
Q48979552,Q144714
Q37267387,Q144715
Q5609991,Q144716
Q16870112,Q144717
Q37241361,Q144718
Q16860548,Q144719
Q16148217,Q144720
Q23748752,Q144721
Q21448880,Q144722
Q37460356,Q144723
Q42864965,Q144724
Q28800799,Q144725
Q11172443,Q144726
Q37538715,Q144727
Q37451642,Q144728
Q34471555,Q144729
Q37103285,Q144730
Q37103572,Q144731
Q29837991,Q144732
Q37458091,Q144733
Q21448007,Q144734
Q37460673,Q144735
Q4733509,Q144736
Q16479571,Q144737
Q37535448,Q144738
Q105175450,Q144739
Q4831413,Q144740
Q21508626,Q144741
Q60679798,Q144742
Q12785804,Q144743
Q106264326,Q144744
Q4906968,Q144745
Q131983338,Q144746
Q106584251,Q144747
Q21492781,Q144748
Q37203390,Q144749
Q20726766,Q144750
Q36981207,Q144751
Q16869643,Q144752
Q122609819,Q144753
Q415460,Q144754
Q58415483,Q144755
Q110253893,Q144756
Q16869203,Q144757
Q21509779,Q144758
Q37273184,Q144759
Q37052527,Q144760
Q29826296,Q144761
Q37293015,Q144762
Q37086853,Q144763
Q115941178,Q144764
Q20996298,Q144765
Q63760173,Q144766
Q56538527,Q144767
Q14290163,Q144768
Q37514397,Q144769
Q16870405,Q144770
Q54825914,Q144771
Q16276909,Q144772
Q21508682,Q144773
Q24755141,Q144774
Q21451053,Q144775
Q29359007,Q144776
Q37101669,Q144777
Q955866,Q144778
Q6386388,Q144779
Q21492339,Q144780
Q21492434,Q144781
Q37509604,Q144782
Q37024863,Q144783
Q37512842,Q144784
Q28737218,Q144785
Q37434547,Q144786
Q37479455,Q144787
Q16876005,Q144788
Q6707805,Q144789
Q59173592,Q144790
Q37541663,Q144791
Q13553908,Q144792
Q6801395,Q144793
Q6801795,Q144794
Q25126061,Q144795
Q23769748,Q144796
Q16877270,Q144797
Q18128173,Q131871
Q27391736,Q144799
Q37074444,Q144800
Q11991193,Q144801
Q47069894,Q144802
Q47015803,Q144803
Q105496647,Q144804
Q16880816,Q144805
Q16880760,Q144806
Q37297510,Q144807
Q21452378,Q144808
Q18608319,Q144809
Q21453237,Q144810
Q37520698,Q144811
Q17264546,Q144812
Q37178824,Q144813
Q56540443,Q144814
Q21507402,Q144815
Q130307173,Q144816
Q21491971,Q144817
Q16882459,Q144818
Q37502719,Q144819
Q21507606,Q144820
Q37471719,Q144821
Q1260201,Q144822
Q37546453,Q144823
Q36923018,Q144824
Q30014191,Q144825
Q28147132,Q144826
Q37468592,Q144827
Q37286718,Q144828
Q21448125,Q144829
Q37469712,Q144830
Q919574,Q144831
Q7919621,Q144832
Q106104704,Q144833
Q21496459,Q144834
Q21508376,Q144835
Q16965044,Q144836
Q16860087,Q144837
Q98102334,Q144838
Q21448166,Q144839
Q8040161,Q144840
Q55316722,Q144841
Q126470910,Q144842
Q4979465,Q144843
Q16870596,Q144844
Q292880,Q144845
Q16870189,Q144846
Q29440921,Q144847
Q37310840,Q144848
Q302992,Q144849
Q4664420,Q144850
Q21488011,Q144851
Q15042884,Q144852
Q37072015,Q144853
Q5604526,Q144854
Q28200020,Q144855
Q4937655,Q144856
Q37519373,Q144857
Q16855733,Q144858
Q83353748,Q144859
Q4975070,Q144860
Q21493085,Q144861
Q16869946,Q144862
Q21448747,Q144863
Q6801101,Q144864
Q25936455,Q144865
Q13552819,Q144866
Q16869493,Q144867
Q37543715,Q144868
Q20997920,Q144869
Q36924228,Q144870
Q36912695,Q144871
Q21431017,Q144872
Q16871399,Q144873
Q16865022,Q144874
Q37440337,Q144875
Q47086458,Q144876
Q37016856,Q144877
Q16881968,Q144878
Q37446145,Q144879
Q16877017,Q144880
Q65099322,Q144881
Q21491559,Q144882
Q7242717,Q144883
Q37014352,Q144884
Q16275514,Q144885
Q969160,Q144886
Q37509534,Q144887
Q37483777,Q144888
Q21492983,Q144889
Q73072218,Q144890
Q56035670,Q144891
Q37544493,Q144892
Q37234662,Q144893
Q48688080,Q144894
Q37458521,Q144895
Q27945474,Q144896
Q12784475,Q144897
Q37307594,Q144898
Q21476699,Q144899
Q24469938,Q144900
Q2447651,Q144901
Q37131673,Q144902
Q16882268,Q144903
Q16870470,Q144904
Q21507516,Q144905
Q101015424,Q144906
Q21483079,Q144907
Q65074305,Q144908
Q37550905,Q144909
Q27156474,Q144910
Q6801715,Q144911
Q7505188,Q144912
Q37264181,Q144913
Q37071398,Q144914
Q16479893,Q144915
Q16159299,Q144916
Q19902427,Q144917
Q16870867,Q144918
Q37561508,Q144919
Q25114829,Q144920
Q37529756,Q144921
Q16870415,Q144922
Q16854056,Q144923
Q37534589,Q144924
Q37553289,Q144925
Q107644233,Q144926
Q16787590,Q144927
Q16813787,Q144928
Q37521330,Q144929
Q37489599,Q144930
Q4841591,Q144931
Q7396824,Q144932
Q73641733,Q144933
Q111466031,Q144934
Q37037001,Q144935
Q16881965,Q144936
Q16276052,Q144937
Q16860147,Q144938
Q37102489,Q144939
Q37469337,Q144940
Q37115931,Q144941
Q36905577,Q144942
Q21492601,Q144943
Q35571410,Q144944
Q36964273,Q144945
Q36911851,Q144946
Q17984463,Q144947
Q37507664,Q144948
Q37471170,Q144949
Q125367459,Q144950
Q37059493,Q144951
Q125964148,Q144952
Q56245036,Q144953
Q16277380,Q144954
Q64212436,Q144955
Q124964836,Q144956
Q37515444,Q144957
Q4254107,Q144958
Q58413022,Q144959
Q112595203,Q144960
Q23831647,Q144961
Q63413278,Q144962
Q16870533,Q144963
Q132132794,Q144964
Q56244566,Q144965
Q37315735,Q144966
Q25333181,Q144967
Q21492532,Q144968
Q21450370,Q144969
Q131144468,Q144970
Q16882118,Q144971
Q37535653,Q144972
Q24015777,Q144973
Q24229483,Q144974
Q50877899,Q144975
Q37506767,Q144976
Q30669542,Q144977
Q37494439,Q144978
Q5582425,Q144979
Q131763181,Q144980
Q1557859,Q144981
Q37560018,Q144982
Q16797560,Q144983
Q110400798,Q144984
Q110400869,Q144985
Q110400777,Q144986
Q112590003,Q144987
Q21431199,Q144988
Q37526128,Q144989
Q112595593,Q144990
Q54862704,Q144991
Q21492929,Q144992
Q37462679,Q144993
Q16869770,Q144994
Q16869893,Q144995
Q21088022,Q144996
Q24199876,Q144997
Q5441545,Q144998
Q29960350,Q144999
Q56538384,Q145000
Q65057254,Q145001
Q5434886,Q145002
Q1591772,Q145003
Q21484504,Q145004
Q12791042,Q96513
Q1778615,Q145006
Q12189873,Q145007
Q23536498,Q145008
Q123771156,Q145009
Q16877935,Q145010
Q37434303,Q145011
Q48980864,Q145012
Q36895433,Q145013
Q16882879,Q145014
Q26082615,Q145015
Q7943947,Q145016
Q17414824,Q145017
Q17045361,Q145018
Q37436423,Q145019
Q21400534,Q145020
Q20996400,Q145021
Q16883494,Q145022
Q21487828,Q145023
Q16161525,Q145024
Q36934929,Q145025
Q25114715,Q145026
Q16148979,Q145027
Q2817217,Q145028
Q16479580,Q145029
Q29555540,Q145030
Q37304169,Q145031
Q21507266,Q145032
Q16869817,Q145033
Q36915652,Q145034
Q37225722,Q145035
Q124449869,Q145036
Q21492194,Q145037
Q37236722,Q145038
Q105394325,Q145039
Q112599455,Q145040
Q65643719,Q145041
Q21475480,Q145042
Q99906291,Q145043
Q131439402,Q145044
Q7448604,Q145045
Q5254941,Q145046
Q131195652,Q145047
Q131932648,Q145048
Q109712795,Q145049
Q73251797,Q145050
Q6919205,Q145051
Q7073823,Q145052
Q37014852,Q145053
Q814559,Q145054
Q16479633,Q145055
Q36898769,Q145056
Q37549176,Q145057
Q4950753,Q145058
Q16860307,Q145059
Q16865173,Q145060
Q56033136,Q145061
Q21500830,Q145062
Q16865370,Q145063
Q56244682,Q145064
Q16275167,Q145065
Q37185500,Q145066
Q16865420,Q145067
Q16865425,Q145068
Q23022911,Q145069
Q106294568,Q145070
Q37461970,Q145071
Q27203748,Q145072
Q56245468,Q145073
Q16801418,Q145074
Q37476923,Q145075
Q37534916,Q145076
Q29516582,Q145077
Q41687097,Q145078
Q127466022,Q145079
Q56112227,Q145080
Q5160391,Q145081
Q16865765,Q145082
Q21493216,Q145083
Q37473238,Q145084
Q37469172,Q145085
Q37507516,Q145086
Q5187365,Q145087
Q21507590,Q145088
Q16865888,Q145089
Q20996030,Q145090
Q21483059,Q145091
Q5193020,Q145092
Q96476752,Q145093
Q37440788,Q145094
Q37217641,Q145095
Q37127956,Q145096
Q16869387,Q145097
Q37491626,Q145098
Q37464429,Q145099
Q28226707,Q145100
Q37163961,Q145101
Q60007418,Q145102
Q16869417,Q145103
Q26779034,Q145104
Q49791666,Q145105
Q99908247,Q145106
Q126283576,Q145107
Q123739056,Q145108
Q16869610,Q145109
Q37494084,Q145110
Q104318217,Q145111
Q21484837,Q145112
Q37078944,Q145113
Q7574226,Q145114
Q37269820,Q145115
Q56244106,Q145116
Q42711953,Q145117
Q105740828,Q145118
Q112595393,Q145119
Q75355920,Q145120
Q28922279,Q145121
Q27230315,Q145122
Q21452349,Q145123
Q16867735,Q145124
Q37226828,Q145125
Q5506122,Q145126
Q202664,Q145127
Q37461769,Q145128
Q21509301,Q145129
Q10661005,Q145130
Q130328938,Q145131
Q37453241,Q145132
Q37048404,Q145133
Q37461165,Q145134
Q29614694,Q145135
Q37440297,Q145136
Q5530452,Q145137
Q21449891,Q145138
Q21506891,Q145139
Q2740671,Q145140
Q117213107,Q145141
Q5559502,Q145142
Q37027213,Q145143
Q1538862,Q145144
Q5588158,Q145145
Q65105393,Q145146
Q12729563,Q145147
Q5610255,Q145148
Q37238173,Q145149
Q16870376,Q145150
Q37191260,Q145151
Q28657302,Q145152
Q16276337,Q145153
Q126957455,Q145154
Q21491383,Q145155
Q29179169,Q145156
Q56218309,Q145157
Q19902356,Q145158
Q21482558,Q145159
Q37066171,Q145160
Q106354781,Q145161
Q41553697,Q145162
Q21497471,Q145163
Q20726928,Q145164
Q15091707,Q145165
Q21493075,Q145166
Q19902419,Q145167
Q21452036,Q145168
Q37457823,Q145169
Q1638721,Q145170
Q27358994,Q145171
Q16870941,Q145172
Q16871002,Q145173
Q100520989,Q145174
Q50348051,Q145175
Q16876447,Q145176
Q37203574,Q145177
Q57305009,Q145178
Q112589557,Q145179
Q21126483,Q54660
Q37507000,Q145181
Q37455936,Q145182
Q20997043,Q145183
Q1940368,Q145184
Q37546919,Q145185
Q21507700,Q145186
Q6407647,Q145187
Q112596065,Q145188
Q16871412,Q145189
Q16871463,Q145190
Q36911091,Q145191
Q124830460,Q145192
Q37551451,Q145193
Q50359423,Q145194
Q6486451,Q145195
Q63760256,Q145196
Q55238507,Q145197
Q17068897,Q145198
Q16872146,Q145199
Q21513180,Q145200
Q37442666,Q145201
Q16872463,Q145202
Q21488905,Q145203
Q16872538,Q145204
Q77985808,Q145205
Q37553952,Q145206
Q28484342,Q145207
Q37264214,Q145208
Q4274203,Q145209
Q37114857,Q145210
Q21484652,Q145211
Q33089183,Q145212
Q2289233,Q145213
Q24428260,Q145214
Q99884567,Q145215
Q83819900,Q145216
Q21449646,Q145217
Q1267979,Q145218
Q24698363,Q145219
Q65110252,Q145220
Q15224082,Q145221
Q21450285,Q145222
Q131538076,Q145223
Q21449167,Q145224
Q21493411,Q145225
Q4291143,Q145226
Q37504027,Q145227
Q37570738,Q145228
Q37197716,Q145229
Q37060932,Q145230
Q37101330,Q145231
Q16860837,Q145232
Q96030350,Q145233
Q30669452,Q145234
Q21492507,Q145235
Q16931552,Q145236
Q16877647,Q145237
Q23269105,Q145238
Q56546804,Q145239
Q16877775,Q145240
Q16866128,Q145241
Q37507047,Q145242
Q37198291,Q145243
Q37328635,Q145244
Q21509390,Q145245
Q83374336,Q145246
Q112591384,Q145247
Q21497112,Q145248
Q16880616,Q145249
Q54869213,Q145250
Q4340936,Q145251
Q21501947,Q145252
Q24764618,Q145253
Q21450659,Q145254
Q37235714,Q145255
Q16880895,Q145256
Q56540146,Q145257
Q25343653,Q145258
Q37225983,Q145259
Q16880966,Q145260
Q37514511,Q145261
Q25114237,Q145262
Q21483041,Q145263
Q7162656,Q145264
Q16881095,Q145265
Q37294279,Q145266
Q7179617,Q145267
Q28797533,Q145268
Q21450314,Q145269
Q37546742,Q145270
Q21507035,Q145271
Q7227282,Q145272
Q66685450,Q145273
Q29804178,Q145274
Q50358543,Q145275
Q21507733,Q145276
Q112596001,Q145277
Q21492552,Q145278
Q16881743,Q145279
Q7291670,Q145280
Q29841022,Q145281
Q37112723,Q145282
Q7298407,Q145283
Q37198641,Q145284
Q21492092,Q145285
Q1159038,Q145286
Q29879846,Q145287
Q34909520,Q145288
Q116865240,Q145289
Q21448562,Q145290
Q96745669,Q145291
Q37111048,Q145292
Q7359360,Q145293
Q56244380,Q145294
Q37225697,Q145295
Q36926443,Q145296
Q67501522,Q145297
Q41965913,Q145298
Q63439229,Q145299
Q21449614,Q145300
Q28836825,Q145301
Q35933114,Q145302
Q37083122,Q145303
Q21491471,Q145304
Q116231151,Q145305
Q37529914,Q145306
Q37492903,Q145307
Q37049408,Q145308
Q55095688,Q145309
Q37238736,Q145310
Q41782988,Q145311
Q16883816,Q145312
Q24952949,Q145313
Q36880787,Q145314
Q112598873,Q145315
Q56239990,Q145316
Q27229604,Q145317
Q21512584,Q145318
Q23301551,Q145319
Q27231069,Q145320
Q65114001,Q145321
Q21502048,Q145322
Q37572422,Q145323
Q116180198,Q145324
Q37102381,Q145325
Q25340772,Q145326
Q117793997,Q145327
Q7800717,Q145328
Q125940057,Q145329
Q7823992,Q145330
Q7824021,Q145331
Q21450374,Q145332
Q36899224,Q145333
Q37512403,Q145334
Q21506887,Q145335
Q16927530,Q145336
Q21508834,Q145337
Q21452182,Q145338
Q37093239,Q145339
Q116828815,Q145340
Q37433679,Q145341
Q21453617,Q145342
Q16889195,Q145343
Q27131527,Q145344
Q3560484,Q145345
Q28146486,Q145346
Q1715412,Q145347
Q65108136,Q145348
Q16872885,Q145349
Q94913609,Q145350
Q37544743,Q145351
Q112601044,Q145352
Q112589941,Q145353
Q17094503,Q145354
Q37035410,Q145355
Q17093955,Q145356
Q17065186,Q145357
Q121907088,Q145358
Q37095460,Q145359
Q16892182,Q145360
Q37534321,Q145361
Q30133104,Q145362
Q17038239,Q145363
Q56541353,Q145364
Q92242420,Q145365
Q21508890,Q145366
Q111034339,Q145367
Q86626989,Q145368
Q21496521,Q145369
Q25114528,Q145370
Q5598429,Q145371
Q94143881,Q145372
Q21484908,Q145373
Q7560456,Q145374
Q37444102,Q145375
Q20726815,Q145376
Q37191311,Q145377
Q54869170,Q145378
Q37501089,Q145379
Q8028169,Q145380
Q16870836,Q145381
Q16479361,Q145382
Q16870314,Q145383
Q26709937,Q145384
Q5173960,Q145385
Q94143723,Q145386
Q21482720,Q145387
Q16841915,Q145388
Q58840637,Q145389
Q21500435,Q145390
Q56813935,Q145391
Q123820373,Q145392
Q6801203,Q145393
Q21492623,Q145394
Q37201608,Q145395
Q21454807,Q145396
Q37078614,Q145397
Q37064304,Q145398
Q48965181,Q145399
Q36998912,Q145400
Q7838495,Q145401
Q16871390,Q145402
Q36991393,Q145403
Q16860535,Q145404
Q36939177,Q145405
Q16157389,Q145406
Q91129336,Q145407
Q16279808,Q145408
Q4673937,Q145409
Q4681039,Q145410
Q37107204,Q145411
Q63385884,Q145412
Q21491275,Q145413
Q16160115,Q145414
Q56537445,Q145415
Q21508911,Q145416
Q20995585,Q145417
Q13554349,Q145418
Q37549065,Q145419
Q37123086,Q145420
Q99980687,Q145421
Q37109234,Q145422
Q16479379,Q145423
Q93739815,Q145424
Q37568343,Q145425
Q37495291,Q145426
Q48221492,Q145427
Q56988689,Q145428
Q37546458,Q145429
Q21494609,Q145430
Q16479455,Q145431
Q2654471,Q145432
Q16039301,Q145433
Q33120450,Q145434
Q36956813,Q145435
Q21450624,Q145436
Q4759039,Q145437
Q20996426,Q145438
Q37259451,Q145439
Q16479864,Q145440
Q98525294,Q145441
Q21502268,Q145442
Q37190886,Q145443
Q16479362,Q145444
Q15237641,Q145445
Q44696775,Q145446
Q21511109,Q145447
Q26203323,Q145448
Q35164162,Q145449
Q37016881,Q145450
Q21489065,Q145451
Q16860333,Q145452
Q37209808,Q145453
Q106066705,Q145454
Q37440505,Q145455
Q21449429,Q145456
Q37452495,Q145457
Q16865963,Q145458
Q12788009,Q145459
Q21493950,Q145460
Q37169189,Q145461
Q25114401,Q145462
Q104828195,Q145463
Q5484447,Q145464
Q37226495,Q145465
Q17142673,Q145466
Q35878973,Q145467
Q56246399,Q145468
Q30669514,Q145469
Q16883885,Q145470
Q7576399,Q145471
Q37440167,Q145472
Q37517239,Q145473
Q107321316,Q145474
Q37565291,Q145475
Q21508572,Q145476
Q16860304,Q145477
Q16860347,Q145478
Q16865132,Q145479
Q37502847,Q145480
Q42738014,Q55147
Q5170852,Q145482
Q26837375,Q145483
Q21493365,Q145484
Q26709934,Q145485
Q16867676,Q145486
Q123359876,Q145487
Q15868032,Q145488
Q37054998,Q145489
Q37573133,Q145490
Q6185284,Q145491
Q37533860,Q145492
Q37539698,Q145493
Q6535606,Q145494
Q37254351,Q145495
Q16768379,Q145496
Q119788445,Q145497
Q85985949,Q145498
Q20727012,Q145499
Q7294353,Q145500
Q36856507,Q145501
Q37041165,Q145502
Q36954536,Q145503
Q21508765,Q145504
Q21510372,Q145505
Q37442144,Q145506
Q16884718,Q145507
Q37489307,Q145508
Q37547090,Q145509
Q37474515,Q145510
Q134837045,Q145511
Q64777444,Q145512
Q21500399,Q145513
Q97479372,Q145514
Q122962121,Q145515
Q25223697,Q145516
Q16865716,Q145517
Q4861659,Q145518
Q120878453,Q145519
Q104803061,Q145520
Q21492207,Q145521
Q30078421,Q145522
Q37541175,Q154244
Q65111536,Q154245
Q56537999,Q154246
Q116192680,Q154247
Q94143725,Q154248
Q99908109,Q154249
Q55191638,Q154250
Q107644232,Q154251
Q37097172,Q154252
Q25114763,Q154253
Q28874329,Q154254
Q13552862,Q154255
Q37276488,Q154256
Q117254559,Q154257
Q129402922,Q154258
Q25114245,Q154259
Q1281978,Q154260
Q21446721,Q154261
Q31248014,Q154262
Q99015573,Q154263
Q43070554,Q154264
Q4925045,Q154265
Q16479456,Q154266
Q37500899,Q154267
Q26224011,Q154268
Q54810331,Q154269
Q21143968,Q154270
Q37450802,Q96939
Q37271109,Q154272
Q2530492,Q154273
Q93241046,Q154274
Q16860282,Q154275
Q30232763,Q154276
Q47490535,Q154277
Q104650420,Q154278
Q36971703,Q154279
Q108197211,Q154280
Q29172645,Q154281
Q1130812,Q154282
Q21506668,Q154283
Q21491847,Q154284
Q134650952,Q154285
Q92945299,Q154286
Q16869840,Q154287
Q37533277,Q154288
Q37464440,Q154289
Q37572249,Q154290
Q28925531,Q154291
Q65109104,Q154292
Q56037340,Q154293
Q37250215,Q154294
Q37445529,Q154295
Q37558248,Q154296
Q37251046,Q154297
Q17125535,Q154298
Q25114574,Q154299
Q16860470,Q154300
Q94176694,Q154301
Q16920528,Q154302
Q37241535,Q154303
Q21491166,Q154304
Q16876679,Q154305
Q36869806,Q154306
Q94204660,Q154307
Q37546410,Q154308
Q37495644,Q154309
Q4166024,Q154310
Q27042780,Q154311
Q37486432,Q154312
Q37032692,Q154313
Q25114865,Q154314
Q7285624,Q154315
Q30228361,Q154316
Q1513700,Q154317
Q21509487,Q154318
Q688637,Q154319
Q33120769,Q154320
Q261113,Q54064
Q16859739,Q154322
Q16276465,Q154323
Q37527655,Q154324
Q108846822,Q154325
Q20726824,Q154326
Q56538661,Q154327
Q16918347,Q154328
Q90979186,Q154329
Q15947304,Q154330
Q37224859,Q154331
Q94695533,Q154332
Q16876281,Q154333
Q16881110,Q154334
Q5023989,Q154335
Q13580461,Q154336
Q5474832,Q154337
Q21492694,Q154338
Q56849874,Q154339
Q29838007,Q154340
Q63457366,Q154341
Q8029056,Q154342
Q99945148,Q154343
Q119805602,Q154344
Q37127819,Q154345
Q36980084,Q154346
Q6421831,Q154347
Q52551658,Q154348
Q133199890,Q154349
Q94144067,Q154350
Q54867855,Q154351
Q18324524,Q154352
Q37275251,Q154353
Q16883862,Q154354
Q37003376,Q154355
Q33204800,Q154356
Q845069,Q154357
Q512778,Q154358
Q16159405,Q154359
Q36909949,Q154360
Q100254195,Q154361
Q37486779,Q154362
Q104854498,Q154363
Q57712297,Q154364
Q98890796,Q154365
Q30014199,Q154366
Q63267910,Q154367
Q25261946,Q154368
Q99908389,Q154369
Q2790265,Q154370
Q37076429,Q154371
Q37454897,Q145009
Q21448074,Q154373
Q58765039,Q154374
Q109966940,Q154375
Q93804768,Q154376
Q37488383,Q154377
Q5455643,Q154378
Q21450461,Q154379
Q56539096,Q154380
Q16290442,Q154381
Q27230899,Q154382
Q105828993,Q154383
Q16870601,Q154384
Q56246497,Q154385
Q28130594,Q154386
Q37569247,Q154387
Q1936268,Q154388
Q16146544,Q154389
Q18331155,Q154390
Q25114537,Q154391
Q23599481,Q154392
Q21504869,Q154393
Q16931171,Q154394
Q37554663,Q154395
Q21510357,Q154396
Q1801322,Q154397
Q30669255,Q154398
Q56243876,Q154399
Q16865493,Q154400
Q30669749,Q154401
Q26904997,Q154402
Q16872452,Q154403
Q91013712,Q154404
Q40190243,Q154405
Q108711354,Q154406
Q16869783,Q154407
Q12791459,Q154408
Q131749190,Q154409
Q21492686,Q154410
Q21452106,Q154411
Q37066927,Q154412
Q124418954,Q154413
Q5171711,Q154414
Q37545393,Q154415
Q47479696,Q154416
Q18107414,Q154417
Q84759794,Q154418
Q37203546,Q154419
Q21431205,Q154420
Q21296136,Q154421
Q41146423,Q154422
Q37469605,Q154423
Q18171087,Q154424
Q110998282,Q154425
Q106549181,Q154426
Q37236630,Q154427
Q26905945,Q154428
Q106549186,Q154429
Q105128464,Q154430
Q37494214,Q154431
Q108518339,Q154432
Q37459526,Q154433
Q27959100,Q154434
Q37475339,Q154435
Q25670321,Q154436
Q27102998,Q154437
Q106400882,Q154438
Q21507549,Q154439
Q50170795,Q154440
Q21449054,Q154441
Q83357226,Q154442
Q37453496,Q154443
Q21513075,Q154444
Q13428910,Q154445
Q198857,Q154446
Q28828637,Q154447
Q39761234,Q154448
Q16245763,Q154449
Q6904987,Q154450
Q28745233,Q154451
Q81902468,Q154452
Q16882971,Q154453
Q37115102,Q154454
Q21491966,Q154455
Q7261667,Q154456
Q56225582,Q154457
Q92101110,Q154458
Q1143178,Q154459
Q56245752,Q154460
Q55809538,Q154461
Q65925653,Q154462
Q123567271,Q154463
Q30081153,Q154464
Q16872085,Q154465
Q123007344,Q154466
Q24015979,Q154467
Q37021819,Q154468
Q37173359,Q154469
Q21497552,Q154470
Q59584720,Q154471
Q19919739,Q154472
Q56537594,Q154473
Q28819403,Q154474
Q37486442,Q154475
Q21492033,Q154476
Q16870277,Q154477
Q37527206,Q154478
Q37253405,Q154479
Q18195723,Q154480
Q63431009,Q154481
Q30669579,Q154482
Q26962133,Q154483
Q21497464,Q154484
Q16960280,Q154485
Q37133575,Q154486
Q16857433,Q154487
Q16865492,Q154488
Q8022498,Q154489
Q37574103,Q154490
Q106400825,Q154491
Q37534632,Q154492
Q93133323,Q154493
Q21451024,Q154494
Q100273851,Q154495
Q65099451,Q154496
Q37281180,Q154497
Q16871942,Q154498
Q76099462,Q154499
Q97153935,Q154500
Q23995126,Q154501
Q93805485,Q154502
Q7538654,Q154503
Q7199063,Q154504
Q21684055,Q154505
Q16878115,Q154506
Q106520331,Q154507
Q7439386,Q154508
Q55710649,Q154509
Q37560604,Q154510
Q21491502,Q154511
Q50374761,Q154512
Q16877748,Q154513
Q21487939,Q154514
Q21492635,Q154515
Q16881308,Q154516
Q106319877,Q154517
Q21500535,Q154518
Q5089421,Q154519
Q5558871,Q154520
Q16871185,Q154521
Q99013863,Q154522
Q56435335,Q154523
Q37468854,Q154524
Q37274305,Q154525
Q37487610,Q154526
Q94176115,Q154527
Q28812544,Q154528
Q37472317,Q154529
Q37464825,Q154530
Q7019701,Q154531
Q94144350,Q154532
Q29575469,Q154533
Q37498055,Q154534
Q42897149,Q154535
Q37490125,Q154536
Q99909378,Q155213
Q36969319,Q155214
Q3860267,Q155215
Q37317124,Q155216
Q21493881,Q155217
Q27133409,Q155218
Q16869523,Q155219
Q21493261,Q155220
Q20996018,Q155221
Q30669756,Q155222
Q37221903,Q155223
Q21493261,Q155220
Q20726772,Q155225
Q21448729,Q155226
Q6801363,Q155227
Q37108402,Q155228
Q1952231,Q155229
Q21449612,Q155230
Q7802067,Q155231
Q21494518,Q155232
Q37232465,Q155233
Q15945380,Q155234
Q16876282,Q155235
Q37492764,Q155236
Q37522547,Q155237
Q5506571,Q155238
Q36946862,Q155239
Q37212460,Q155240
Q6397960,Q155241
Q21493433,Q155242
Q36942146,Q155243
Q2085453,Q155244
Q21484848,Q155245
Q21450313,Q155246
Q107448327,Q155247
Q122889033,Q155248
Q21509895,Q155249
Q6886663,Q155250
Q16869951,Q155251
Q1677742,Q155252
Q37015944,Q155253
Q118090923,Q155254
Q37455027,Q155255
Q20996164,Q155256
Q18177320,Q155257
Q20519061,Q155258
Q37484286,Q155259
Q21507698,Q155260
Q16799555,Q155261
Q16863147,Q155262
Q6387117,Q155263
Q7932462,Q155264
Q14639707,Q155265
Q37203777,Q155266
Q21513143,Q155267
Q21509164,Q155268
Q1878481,Q155269
Q65643869,Q155270
Q37056751,Q155271
Q37458321,Q155272
Q28820043,Q155273
Q50377375,Q155274
Q23310372,Q155275
Q37563038,Q155276
Q37520421,Q155277
Q16869945,Q155278
Q20519061,Q155258
Q37118925,Q155280
Q37285611,Q155281
Q16479782,Q155282
Q37477079,Q155283
Q16883297,Q155284
Q66930191,Q155285
Q36924628,Q155286
Q7298447,Q155287
Q37248519,Q155288
Q37471697,Q155289
Q37277830,Q155290
Q118383394,Q155291
Q51878947,Q155292
Q131412092,Q155293
Q16860173,Q155294
Q36955088,Q155295
Q37444288,Q155296
Q107361222,Q155297
Q5193041,Q155298
Q37057701,Q155299
Q27258609,Q155300
Q7299382,Q155301
Q105249507,Q155302
Q16860275,Q155303
Q16001586,Q155304
Q106508887,Q155305
Q37022350,Q155306
Q7832537,Q155307
Q16479521,Q155308
Q37498187,Q155309
Q37299658,Q155310
Q37570517,Q155311
Q37279221,Q155312
Q37305727,Q155313
Q37198761,Q155314
Q37482876,Q155315
Q37519592,Q155316
Q16876436,Q155317
Q21509384,Q155318
Q27260195,Q155319
Q16869647,Q155320
Q27928253,Q155321
Q50285502,Q155322
Q99945628,Q155323
Q21507314,Q155324
Q111769047,Q155325
Q21507592,Q155326
Q36903825,Q155327
Q37548199,Q155328
Q21449112,Q155329
Q37272877,Q155330
Q19902435,Q155331
Q37555392,Q155332
Q23769546,Q155333
Q58415796,Q155334
Q32856172,Q155335
Q37122431,Q155336
Q16870123,Q155337
Q37203084,Q155338
Q47842336,Q155339
Q36884510,Q155340
Q31039797,Q155341
Q106121883,Q155342
Q21513742,Q155343
Q37458414,Q155344
Q37441593,Q155345
Q21507939,Q155346
Q12803555,Q53856
Q16479546,Q155348
Q14915074,Q155349
Q21507360,Q155350
Q27206004,Q155351
Q50377313,Q155352
Q21484848,Q155245
Q21475372,Q155354
Q48040716,Q155355
Q37135728,Q155356
Q50358354,Q155357
Q122216215,Q155358
Q7619273,Q155359
Q21510836,Q155360
Q37247366,Q155361
Q37546678,Q155362
Q37134103,Q155363
Q30242516,Q155364
Q21449905,Q155365
Q36872211,Q155366
Q16876415,Q155367
Q7932474,Q155368
Q37184227,Q155369
Q4683262,Q155370
Q16275601,Q155371
Q21491625,Q155372
Q37488252,Q155373
Q21482993,Q155374
Q30669535,Q155375
Q37066416,Q155376
Q37315129,Q155377
Q5644527,Q155378
Q68241505,Q155379
Q5197015,Q155380
Q36970178,Q155381
Q2568504,Q155382
Q5731348,Q155383
Q121769654,Q155384
Q55670398,Q155385
Q108600152,Q155386
Q16876706,Q155387
Q6801603,Q155388
Q12646500,Q155389
Q37107943,Q155390
Q37475774,Q155391
Q21506975,Q155392
Q16872057,Q155393
Q52420,Q155394
Q1640958,Q155395
Q19902387,Q155396
Q96094553,Q155397
Q16910503,Q155398
Q83338766,Q155399
Q16870258,Q155400
Q1682237,Q155401
Q21448953,Q155402
Q17125773,Q155403
Q15073789,Q155404
Q21504841,Q155405
Q21484549,Q155406
Q7137404,Q155407
Q16865185,Q155408
Q16865482,Q155409
Q30325617,Q155410
Q33059989,Q155411
Q98102366,Q155412
Q21492913,Q156810
Q37028493,Q156811
Q1781147,Q156812
Q21449645,Q156813
Q37183214,Q156814
Q23306307,Q156815
Q16872449,Q156816
Q37452337,Q156817
Q21476544,Q156818
Q36901575,Q156819
Q1184002,Q156820
Q28150705,Q156821
Q37459421,Q156822
Q16858108,Q156823
Q1158341,Q156824
Q8049905,Q156825
Q21512232,Q156826
Q4968445,Q156827
Q5516750,Q156828
Q7268874,Q156829
Q104852182,Q156830
Q107235084,Q156831
Q21450196,Q156832
Q37456327,Q156833
Q37566989,Q156834
Q37129240,Q156835
Q27945470,Q156836
Q27876648,Q156837
Q21491682,Q156838
Q5306925,Q156839
Q19902408,Q156840
Q2712367,Q156841
Q26905907,Q156842
Q21492315,Q156843
Q37054620,Q156844
Q37228542,Q156845
Q87667839,Q156846
Q37497465,Q156847
Q56541182,Q156848
Q37548086,Q156849
Q37175572,Q156850
Q1989789,Q156851
Q53704994,Q156852
Q16884096,Q156853
Q21487154,Q156854
Q24088264,Q156855
Q21450391,Q156856
Q37521710,Q156857
Q37515180,Q156858
Q100508000,Q156859
Q21491141,Q156860
Q2795525,Q156861
Q37250400,Q156862
Q18589318,Q156863
Q131598976,Q156864
Q37540200,Q156865
Q21447950,Q156866
Q38999941,Q156867
Q25431887,Q156868
Q37140215,Q156869
Q21452212,Q156870
Q45777113,Q156871
Q37532312,Q156872
Q985855,Q156873
Q16870620,Q156874
Q16884250,Q156875
Q2139077,Q156876
Q21497912,Q156877
Q21449627,Q156878
Q18643472,Q156879
Q21502312,Q156880
Q106066030,Q156881
Q21450754,Q156882
Q37327463,Q156883
Q21449776,Q156884
Q16833409,Q156885
Q37497522,Q156886
Q27870054,Q156887
Q21426001,Q156888
Q5171898,Q156889
Q37135814,Q156890
Q16880676,Q156891
Q21512020,Q156892
Q21449930,Q156893
Q56538642,Q156894
Q76497251,Q156895
Q25344972,Q156896
Q37276267,Q156897
Q20998024,Q156898
Q23758288,Q156899
Q37573414,Q156900
Q6801384,Q156901
Q28800758,Q156902
Q36995339,Q156903
Q36986451,Q156904
Q109567461,Q156905
Q21513338,Q156906
Q2386413,Q156907
Q37209716,Q156908
Q23296716,Q156909
Q37079031,Q156910
Q126392540,Q156911
Q106404792,Q156912
Q16872447,Q156913
Q83441979,Q156914
Q16871172,Q156915
Q21508924,Q156916
Q16869883,Q156917
Q21453164,Q156918
Q37448356,Q156919
Q36977979,Q156920
Q28934699,Q156921
Q48975721,Q156922
Q54869533,Q156923
Q5754252,Q156924
Q17121679,Q156925
Q37492206,Q156926
Q27996682,Q156927
Q16877982,Q156928
Q21487773,Q156929
Q99910029,Q156930
Q21449853,Q156931
Q36993165,Q156932
Q30225070,Q156933
Q21492222,Q156934
Q21491376,Q156935
Q16865664,Q156936
Q125530909,Q156937
Q37434096,Q156938
Q37058742,Q156939
Q978692,Q156940
Q11680904,Q156941
Q36956339,Q156942
Q21483038,Q156943
Q37192163,Q156944
Q832915,Q156945
Q21507169,Q156946
Q28974327,Q156947
Q37515763,Q156948
Q37537726,Q156949
Q36991446,Q156950
Q16882522,Q156951
Q30307801,Q156952
Q21482639,Q156953
Q27887700,Q156954
Q88959558,Q156955
Q23565646,Q156956
Q130388895,Q156957
Q37550925,Q156958
Q12669358,Q54787
Q21494531,Q156960
Q21491558,Q156961
Q27824315,Q156962
Q7574400,Q156963
Q16872723,Q156964
Q37500560,Q156965
Q20997033,Q156966
Q21488124,Q156967
Q21450710,Q156968
Q37461122,Q156969
Q30082690,Q156970
Q21510829,Q156971
Q21507097,Q156972
Q30669496,Q156973
Q99908653,Q156974
Q21506699,Q156975
Q20995751,Q156976
Q12787133,Q156977
Q56225593,Q156978
Q112595879,Q156979
Q2127407,Q156980
Q16865329,Q156981
Q37456535,Q156982
Q7650170,Q156983
Q37548475,Q156984
Q56244987,Q156985
Q21529344,Q156986
Q3041502,Q156987
Q37494816,Q156988
Q37462574,Q156989
Q67205128,Q156990
Q44703048,Q156991
Q13425736,Q156992
Q127578,Q156993
Q28800684,Q156994
Q36934773,Q156995
Q7297011,Q156996
Q16882160,Q156997
Q37523353,Q156998
Q21452502,Q156999
Q24088246,Q157000
Q16479390,Q157001
Q15829960,Q157002
Q18070774,Q157003
Q37520478,Q157004
Q21491906,Q157005
Q20668021,Q157006
Q16479342,Q157007
Q4906926,Q157008
Q37554549,Q157009
Q16870707,Q157010
Q21491733,Q157011
Q21498289,Q157012
Q16479358,Q157013
Q112251277,Q157014
Q16865399,Q157015
Q60457036,Q157016
Q5021886,Q157017
Q65047528,Q157018
Q13408665,Q157019
Q114753120,Q157020
Q105253408,Q157021
Q11004155,Q157022
Q7428559,Q157023
Q7113341,Q157024
Q130723650,Q157025
Q37558740,Q157026
Q24090430,Q157027
Q26493064,Q157028
Q20519906,Q157029
Q56540517,Q157030
Q36996536,Q157031
Q36996247,Q157032
Q6116140,Q157033
Q24090514,Q157034
Q19902230,Q157035
Q36926514,Q157036
Q21936502,Q157037
Q37126476,Q157038
Q96051331,Q157039
Q7439520,Q157040
Q2569343,Q157041
Q28819255,Q157042
Q37554567,Q157043
Q18161675,Q157044
Q25340693,Q157045
Q37312990,Q157046
Q37496012,Q157047
Q16870409,Q157048
Q111757213,Q157049
Q21452494,Q157050
Q28812109,Q157051
Q41746534,Q157052
Q1181211,Q157053
Q21492513,Q157054
Q21507677,Q157055
Q96773135,Q157056
Q27824231,Q157057
Q12175844,Q157058
Q16147509,Q157059
Q20746100,Q157060
Q20665676,Q157061
Q53107018,Q157062
Q21452687,Q157063
Q98792854,Q157064
Q21487493,Q157065
Q4863251,Q157066
Q16479577,Q157067
Q1158517,Q157068
Q7071758,Q157069
Q28793222,Q157070
Q21509363,Q157071
Q37543588,Q157072
Q27890949,Q157073
Q37092638,Q157074
Q55168490,Q157075
Q21449582,Q157076
Q21507651,Q157077
Q16883464,Q157078
Q12666120,Q157079
Q37091065,Q157080
Q97250197,Q157081
Q16147650,Q157082
Q127425253,Q157083
Q37017830,Q157084
Q28800766,Q157085
Q37491423,Q157086
Q37306589,Q157087
Q110921007,Q157088
Q37476467,Q157089
Q65556358,Q157090
Q21508862,Q157091
Q37502882,Q157092
Q28146608,Q157093
Q16870811,Q157094
Q16870804,Q157095
Q16871318,Q157096
Q27891147,Q157097
Q1559123,Q157098
Q98556506,Q157099
Q21492070,Q157100
Q27988223,Q157101
Q37252231,Q157102
Q16869644,Q157103
Q113990140,Q157104
Q56537577,Q157105
Q105498332,Q157106
Q715935,Q157107
Q6538120,Q157108
Q36949401,Q157109
Q16242398,Q157110
Q21452589,Q157111
Q30128396,Q157112
Q37258635,Q157113
Q52162158,Q157114
Q37505926,Q157115
Q16883926,Q157116
Q50307482,Q157117
Q21450447,Q157118
Q20995616,Q157119
Q21450414,Q157120
Q35149281,Q157121
Q16275570,Q157122
Q116606921,Q157123
Q21491697,Q157124
Q24085251,Q157125
Q1258348,Q157126
Q56245611,Q157127
Q131472737,Q157128
Q37437613,Q157129
Q112079865,Q157130
Q36922484,Q157131
Q28226624,Q157132
Q37477858,Q157133
Q28135347,Q157134
Q24451717,Q157135
Q37540207,Q157136
Q19768179,Q157137
Q56246013,Q157138
Q6686100,Q157139
Q21492117,Q157140
Q109252599,Q157141
Q21491125,Q157142
Q37531166,Q157143
Q16002642,Q157144
Q6478864,Q157145
Q16880652,Q157146
Q36887519,Q157147
Q48549120,Q157148
Q26905881,Q157149
Q37089506,Q157150
Q7800928,Q157151
Q111769646,Q157152
Q16871323,Q157153
Q30669879,Q157154
Q84083162,Q157155
Q17983890,Q157156
Q18041131,Q157157
Q112591399,Q157158
Q27477080,Q157159
Q37540676,Q157160
Q893835,Q157161
Q37230187,Q157162
Q5193028,Q157163
Q12803129,Q157164
Q107447128,Q157165
Q37273335,Q157166
Q36969717,Q157167
Q16865158,Q157168
Q119840440,Q157169
Q29573076,Q157170
Q29477529,Q157171
Q117210315,Q157172
Q5694393,Q157173
Q37327585,Q157174
Q21489139,Q157175
Q18087186,Q157176
Q16880491,Q157177
Q30287506,Q157178
Q124577778,Q157179
Q19899706,Q157180
Q36902469,Q157181
Q37530981,Q157182
Q101095539,Q157183
Q20727081,Q157184
Q24232634,Q157185
Q113621235,Q157186
Q56244024,Q157187
Q19602583,Q157188
Q44425778,Q157189
Q107238036,Q157190
Q24952942,Q157191
Q15710467,Q157192
Q37182113,Q157193
Q28812761,Q157194
Q63567848,Q157195
Q24514002,Q157196
Q47458778,Q157197
Q30126758,Q157198
Q16282156,Q157199
Q37507613,Q157200
Q37433171,Q157201
Q21493053,Q157202
Q7801135,Q157203
Q83731328,Q157204
Q21488875,Q157205
Q37211189,Q158893
Q31212549,Q158894
Q819509,Q158895
Q21482582,Q158896
Q16860161,Q158897
Q55063654,Q158898
Q75401498,Q158899
Q37505260,Q158900
Q16871207,Q158901
Q21428217,Q158902
Q37518935,Q158903
Q37462947,Q158904
Q20007284,Q157107
Q51093148,Q158906
Q60938733,Q158907
Q16279317,Q158908
Q27877585,Q158909
Q16867591,Q158910
Q452023,Q158911
Q2167274,Q158912
Q36939012,Q158913
Q27891144,Q158914
Q21452127,Q158915
Q21508364,Q158916
Q16877287,Q158917
Q37509171,Q158918
Q19902011,Q158919
Q21751034,Q158920
Q21487484,Q158921
Q112041645,Q158922
Q21431219,Q158923
Q125798289,Q158924
Q115773976,Q158925
Q25114229,Q158926
Q21498382,Q158927
Q25253492,Q158928
Q1904337,Q158929
Q18331601,Q158930
Q104067365,Q161075
Q21501818,Q161076
Q30087759,Q161077
Q37541683,Q161078
Q104493181,Q161079
Q851891,Q161080
Q37500688,Q161081
Q99912682,Q161082
Q21492757,Q161083
Q16867285,Q161084
Q37056159,Q161085
Q56245184,Q161086
Q37533226,Q161087
Q21506743,Q161088
Q37317223,Q161089
Q21497441,Q161090
Q16876699,Q161091
Q112600907,Q161092
Q37488406,Q161093
Q63453945,Q161094
Q24419041,Q161095
Q68241351,Q161096
Q7136426,Q161097
Q5430531,Q161098
Q112600027,Q161099
Q37202918,Q161100
Q21510687,Q161101
Q21451972,Q161102
Q16871336,Q161103
Q21512302,Q161104
Q6692064,Q161105
Q48979620,Q161106
Q112599873,Q161107
Q18388656,Q161108
Q26972301,Q161109
Q112599630,Q161110
Q37516702,Q161111
Q37571838,Q161112
Q12386976,Q53342
Q5646089,Q161114
Q37524550,Q161115
Q36973265,Q161116
Q108712812,Q161117
Q83358747,Q161118
Q1035970,Q161119
Q112599916,Q161120
Q56245258,Q161121
Q16816657,Q161122
Q36951903,Q161123
Q47515099,Q161124
Q14473322,Q161125
Q37482606,Q161126
Q28123732,Q161127
Q12671103,Q72458
Q27264354,Q161129
Q6750800,Q161130
Q22443203,Q161131
Q6799902,Q161132
Q37016413,Q161133
Q107445202,Q161134
Q37522042,Q161135
Q27942991,Q161136
Q37525134,Q161137
Q21488944,Q161138
Q113481611,Q161139
Q37105815,Q161140
Q37048725,Q161141
Q98106005,Q161142
Q6382302,Q161143
Q115763198,Q161144
Q37127115,Q161145
Q7917440,Q161146
Q21510015,Q161147
Q113882660,Q161148
Q27435895,Q161149
Q44924983,Q161150
Q112812710,Q161151
Q61578982,Q161152
Q25340804,Q161153
Q67813705,Q161154
Q5447704,Q161155
Q16871117,Q161156
Q37538523,Q161157
Q29808580,Q161158
Q26235099,Q161159
Q37538525,Q161160
Q99906856,Q161161
Q99559622,Q161162
Q4955097,Q161163
Q53996760,Q161164
Q37089082,Q163963
Q21489013,Q163964
Q2134042,Q163965
Q37532392,Q163966
Q20996083,Q163967
Q955953,Q163968
Q6743256,Q163969
Q21489110,Q163970
Q24701686,Q163971
Q8075663,Q163972
Q16865554,Q163973
Q804943,Q72587
Q37023255,Q163975
Q8083449,Q163976
Q892780,Q163977
Q64214565,Q163978
Q37109751,Q163979
Q117081631,Q163980
Q985858,Q163981
Q16479886,Q163982
Q37307248,Q163983
Q37562809,Q163984
Q23747833,Q163985
Q16870814,Q163986
Q21484584,Q163987
Q76411146,Q163988
Q56540885,Q163989
Q16881896,Q163990
Q37276450,Q163991
Q36635090,Q163992
Q21494292,Q163993
Q15844600,Q163994
Q21506692,Q163995
Q3632770,Q163996
Q56591500,Q163997
Q104638995,Q163998
Q18385715,Q163999
Q105717287,Q164000
Q21507943,Q164001
Q54860093,Q164002
Q107448839,Q164003
Q37092698,Q164004
Q37022538,Q164005
Q37270373,Q164006
Q37253461,Q164007
Q133837164,Q164008
Q16892450,Q164009
Q37570441,Q164010
Q37050709,Q164011
Q21450024,Q164012
Q21227176,Q164013
Q48576401,Q164014
Q122837554,Q164015
Q37509146,Q164016
Q100124039,Q164017
Q37120762,Q164018
Q16862661,Q164019
Q28913381,Q164020
Q123108627,Q164021
Q16872403,Q164022
Q56269323,Q164023
Q37227230,Q164024
Q37451626,Q164025
Q65556347,Q164026
Q47456966,Q164027
Q125689319,Q164028
Q1790692,Q164029
Q99910969,Q164030
Q3127993,Q164031
Q21452249,Q164032
Q96477883,Q164033
Q105175697,Q164034
Q104825294,Q164035
Q21492449,Q164036
Q12680724,Q164037
Q125500722,Q164038
Q12800505,Q164039
Q16479738,Q164040
Q37437655,Q164041
Q36893285,Q164042
Q112601014,Q164043
Q37548312,Q164044
Q37519246,Q164045
Q21493296,Q164046
Q106112646,Q164047
Q37555820,Q164048
Q16290563,Q164049
Q663233,Q164050
Q123300107,Q164427
Q56244989,Q164428
Q21513218,Q164429
Q15043803,Q164430
Q21449875,Q164431
Q21512228,Q164432
Q37436901,Q164433
Q4086835,Q164434
Q16876210,Q164435
Q5875062,Q164436
Q36065976,Q164437
Q125657607,Q164438
Q54862663,Q164439